id,config|n_train,config|dataset_name,config|labels,config|r_max,config|num_layers,config|num_features,config|l_max,config|seed,config|beta,config|ema_decay,config|batch_size,result|num_params,result|best_epoch,result|num_epochs,result|train|cell_energy_rmse,result|train|scaled_energy_rmse,result|train|per_atom_energy_rmse,result|train|force_rmse,result|val|cell_energy_rmse,result|val|scaled_energy_rmse,result|val|per_atom_energy_rmse,result|val|force_rmse,result|test|cell_energy_rmse,result|test|scaled_energy_rmse,result|test|per_atom_energy_rmse,result|test|force_rmse,metadata|timing_marks,metadata|timing|training|start,metadata|timing|training|end,metadata|timing|training|duration,metadata|timing|evaluation|start,metadata|timing|evaluation|end,metadata|timing|evaluation|duration
23.06.08-15.04.14-815190,25,C-GAP-17,dft,4.0,4,32,1,42,4,0.99,10,73784,106,136,9.66654366854462,0.9494138425880072,0.1288457687290907,1.0195539996936631,14.014842647545848,1.488367643712365,0.2076808302927678,1.3700350609307952,12.61480692797042,1.4487497378647958,0.2177229782451966,1.3298216541960324,"[('start', 1686233054.815314), ('end', 1686233229.116411)]",1686233054.817992,1686233145.954909,91.1369171142578,1686233145.954934,1686233229.116367,83.16143321990967
23.06.08-15.07.09-123270,50,C-GAP-17,dft,4.0,4,32,1,42,4,0.99,10,73784,110,140,8.199007953609518,0.7909779620626278,0.1119064870552565,0.8981790736554945,12.12844992254482,1.2703513435936449,0.1666545252544105,1.2283965282685356,10.891182581181654,1.230130048785025,0.1780877709813823,1.1827481473846235,"[('start', 1686233229.123372), ('end', 1686233425.861324)]",1686233229.126027,1686233339.457793,110.33176589012146,1686233339.457822,1686233425.861277,86.40345501899719
23.06.08-15.10.25-868010,100,C-GAP-17,dft,4.0,4,32,1,42,4,0.99,10,73784,80,117,6.539125582735559,0.7213982854251069,0.0996546492422138,0.8887377277186205,9.133605288047594,0.9494071501687132,0.1182759995764669,1.09544325320923,8.29123089170295,0.9286712293886178,0.1341803766023457,1.0741875888114305,"[('start', 1686233425.868109), ('end', 1686233663.005073)]",1686233425.870742,1686233569.690254,143.81951189041138,1686233569.690281,1686233663.005001,93.3147201538086
23.06.08-15.14.23-012645,200,C-GAP-17,dft,4.0,4,32,1,42,4,0.99,10,73784,73,110,6.043525793008412,0.6642881099579689,0.090329393505003,0.828080761309407,6.898940365711047,0.718477987135023,0.0878542479918597,0.9867387124268464,6.255782228187968,0.6968033675106114,0.0997251536867727,0.9713232641617692,"[('start', 1686233663.012744), ('end', 1686234071.190016)]",1686233663.01548,1686233908.633552,245.61807203292847,1686233908.633572,1686234071.18995,162.55637788772583
23.06.08-15.21.11-197544,400,C-GAP-17,dft,4.0,4,32,1,42,4,0.99,10,73784,82,98,5.137125450305103,0.5542238227946761,0.0756003226375385,0.7405384533770141,5.864711727845233,0.619951566802849,0.0773198693439927,0.923917838650514,5.337273642364306,0.5967883769536034,0.0848551955239998,0.9074411694180156,"[('start', 1686234071.197658), ('end', 1686234798.475221)]",1686234071.200325,1686234665.660454,594.4601290225983,1686234665.660476,1686234798.475165,132.81468892097473
23.06.08-16.31.30-773201,800,C-GAP-17,dft,4.0,4,32,1,42,4,0.99,10,73784,96,111,4.350302557524765,0.490052549519626,0.0660385438171326,0.6979167785193848,4.995748978041545,0.5287862193827664,0.0627437335820489,0.8612335516929722,4.458811873731497,0.5029565087028047,0.0682224542507666,0.8364618095717671,"[('start', 1686238290.773322), ('end', 1686239365.873258)]",1686238290.776142,1686239180.836359,890.0602171421051,1686239180.836387,1686239365.873212,185.0368251800537
23.06.08-16.49.25-881038,1600,C-GAP-17,dft,4.0,4,32,1,42,4,0.99,10,73784,119,129,3.683564123082487,0.4199423371983864,0.0542208062405933,0.6569231349588315,4.427516833216202,0.4705105794019532,0.054566738880129,0.786198644729945,4.024720922180583,0.4503681066320326,0.0576244593935374,0.7705460901083208,"[('start', 1686239365.881144), ('end', 1686241876.644963)]",1686239365.883705,1686241585.792219,2219.908514022827,1686241585.792249,1686241876.644922,290.85267305374146
23.06.08-17.31.16-652486,3200,C-GAP-17,dft,4.0,4,32,1,42,4,0.99,10,73784,201,205,3.316812155578834,0.3697371636810154,0.0458129951425317,0.6265557165680166,3.848548945492308,0.4071148874743984,0.0470256322512845,0.7227913551997545,3.443272975831707,0.3845424948695822,0.0477106369575461,0.7077198272206292,"[('start', 1686241876.652592), ('end', 1686252011.154001)]",1686241876.655142,1686251382.076334,9505.42119193077,1686251382.076366,1686252011.153952,629.0775859355927
23.06.08-20.33.15-394025,10000,C-SYNTH-23M:reasonable,ace,4.0,4,32,1,42,4,0.99,10,73784,135,139,2.449670076644101,0.1732178322864813,0.0122483503832205,0.2854774852285044,2.5243460758613723,0.1784982228303227,0.0126217303793068,0.296240911956777,2.403147547519611,0.1699281927042938,0.012015737737598,0.2851872810860968,"[('start', 1686252795.394162), ('end', 1686289095.921803)]",1686252795.397035,1686286894.937635,34099.54060006142,1686286894.937659,1686289095.921753,2200.9840939044952
23.06.09-08.13.03-677890,10000,C-SYNTH-23M:reasonable,gap20,4.0,4,32,1,42,4,0.99,10,73784,157,165,2.2813198136390267,0.1613136710279386,0.0114065990681951,0.3286569634311554,2.3720224338418125,0.1677273148096164,0.011860112169209,0.3396469613126306,2.21610194304382,0.1567020711726969,0.0110805097152191,0.3287642559564367,"[('start', 1686294783.677996), ('end', 1686336831.37261)]",1686294977.875678,1686334632.63902,39654.76334190369,1686334632.639065,1686336831.372501,2198.733435869217
23.06.09-22.16.54-046769,10000,C-SYNTH-23M:reasonable,edip,4.0,4,32,1,42,4,0.99,10,73784,406,446,1.3445014970259976,0.0950706125862547,0.0067225074851299,0.4116717360676658,1.8114950412028208,0.1280920427720319,0.0090574752060141,0.4274570824151641,1.2685905764903629,0.0897028999185687,0.0063429528824518,0.4208242233358879,"[('start', 1686345414.046873), ('end', 1686451676.220242)]",1686345595.677384,1686449457.307016,103861.62963199615,1686449457.307052,1686451676.220117,2218.913065195084
23.06.12-11.16.02-192600,330,C-SYNTH-23M:reasonable,ace,4.0,4,32,1,42,4,0.99,10,73784,122,162,6.180020623653784,0.4369934490858307,0.0309001031182689,0.4197891472194021,6.425408282806888,0.4543449768664959,0.0321270414140344,0.4504331418263514,6.376557047460444,0.4508906728882149,0.0318827852373022,0.4400267270725641,"[('start', 1686564962.192728), ('end', 1686567498.407962)]",1686564962.195322,1686567201.043241,2238.847918987274,1686567201.043271,1686567498.407912,297.3646409511566
23.06.12-13.52.32-902820,25,C-GAP-17,ace,4.0,4,32,1,42,4,0.99,10,73784,142,160,9.271669031281666,0.841785817632242,0.1032351237545657,0.7830978942740806,11.595896080940612,1.2284569830273009,0.1771415326423081,1.2127920477855416,10.812648045930626,1.2484046222237726,0.1933059326800336,1.1859324017135686,"[('start', 1686574352.902936), ('end', 1686574714.795017)]",1686574356.253965,1686574629.176353,272.9223880767822,1686574629.176375,1686574714.794943,85.61856818199158
23.06.12-14.03.34-109329,50,C-GAP-17,ace,4.0,4,32,1,42,4,0.99,10,73784,151,179,6.833537191708539,0.6111843981665341,0.0801667094086342,0.6697215399589191,8.933055616225708,0.9295922470529462,0.1225325884859099,1.069810203084228,8.2625319294398,0.9344342066659098,0.1396167330887762,1.0214078595210827,"[('start', 1686575014.109437), ('end', 1686575434.226707)]",1686575014.112122,1686575324.393314,310.2811918258667,1686575324.393338,1686575434.226636,109.83329796791077
23.06.12-12.18.55-375510,1000,C-SYNTH-23M:reasonable,ace,4.0,4,32,1,42,4,0.99,10,73784,166,200,3.7335786359918752,0.2640038771603075,0.0186678931799593,0.3307243816624201,3.780668148525206,0.2673336085238162,0.018903340742626,0.3612306526898341,3.8329008401094913,0.2710270175657036,0.0191645042005474,0.3478454428324995,"[('start', 1686568735.375618), ('end', 1686575951.630332)]",1686568735.378485,1686575371.733634,6636.355149030685,1686575371.733673,1686575951.630279,579.8966059684753
23.06.12-14.17.37-603035,100,C-GAP-17,ace,4.0,4,32,1,42,4,0.99,10,73784,108,148,5.183888808002748,0.5107791464361325,0.0676017765847718,0.6483342667271643,6.652724942917853,0.6715290615761671,0.0811835300343189,0.9275117107815888,5.899733371259539,0.64833463302836,0.0993205656380781,0.8955284237563023,"[('start', 1686575857.60319), ('end', 1686576292.044599)]",1686575857.608899,1686576148.474257,290.865357875824,1686576148.474287,1686576292.044523,143.5702359676361
23.06.12-14.32.07-399337,200,C-GAP-17,ace,4.0,4,32,1,42,4,0.99,10,73784,94,130,4.558981388850878,0.473414628593551,0.0657004367816027,0.6165675982604889,4.914675795841172,0.5017298976256943,0.0623495281507131,0.8381818827557196,4.565798112989628,0.500283289094339,0.0761700640443411,0.8175963403960531,"[('start', 1686576727.399469), ('end', 1686577393.953776)]",1686576727.402247,1686577228.234815,500.8325679302216,1686577228.234844,1686577393.953704,165.71886014938354
23.06.12-14.53.51-589921,400,C-GAP-17,ace,4.0,4,32,1,42,4,0.99,10,73784,92,119,4.226778407981877,0.4305051880452055,0.0600076364172004,0.582287674659254,4.363318731824012,0.4508617028204748,0.0575510312385307,0.7722121152276943,4.07092736263767,0.4474716995623873,0.0679718423802823,0.7450392787739145,"[('start', 1686578031.590037), ('end', 1686579229.249116)]",1686578031.592953,1686579094.390256,1062.7973029613495,1686579094.390284,1686579229.249046,134.85876202583313
23.06.12-14.42.48-148294,3300,C-SYNTH-23M:reasonable,ace,4.0,4,32,1,42,4,0.99,10,73784,211,213,2.742614778480517,0.1939321508046014,0.0137130738924025,0.2926143602172171,2.8246845332834765,0.1997353588197504,0.0141234226664173,0.3135093849989091,2.7378253225417715,0.1935934851273533,0.0136891266127088,0.2998736269599381,"[('start', 1686577368.148464), ('end', 1686597060.027414)]",1686577368.151447,1686596104.651856,18736.500408887863,1686596104.651907,1686597060.027361,955.3754539489746
23.06.13-06.45.50-495704,15,C-GAP-20:bucky,dft_u,4.0,4,32,1,42,4,0.99,10,73784,279,284,1.2828799036372227,0.1705241623985701,0.0240846432327488,0.3217928086927463,9.693347070141662,1.5484837120727446,0.2640938277737497,0.7395585722899655,6.237259758147202,0.8726147804958102,0.1242257283287015,0.653972074581846,"[('start', 1686635150.495817), ('end', 1686635263.921547)]",1686635153.497207,1686635243.833534,90.33632707595824,1686635243.833566,1686635263.921501,20.08793497085572
23.06.13-06.48.55-856457,30,C-GAP-20:bucky,dft_u,4.0,4,32,1,42,4,0.99,10,73784,336,351,1.5837582507410697,0.2099819722504133,0.0341583083159388,0.3187278848478939,3.508923627511673,0.4580701454548066,0.0927684106165276,0.571515812128006,2.787545461821744,0.36739581127723,0.05519459662803,0.5581251636264122,"[('start', 1686635335.856583), ('end', 1686635502.319971)]",1686635335.85946,1686635466.807039,130.94757890701294,1686635466.807075,1686635502.319898,35.51282286643982
23.06.13-06.53.33-059587,60,C-GAP-20:bucky,dft_u,4.0,4,32,1,42,4,0.99,10,73784,224,224,1.3821307250357764,0.1915547726955616,0.0312724125849899,0.3244601609053463,2.955650726940491,0.3784730781839053,0.0722323695302571,0.5096146441456466,2.2947862591083754,0.3237832253834385,0.0497251676489027,0.4645835388196321,"[('start', 1686635613.059721), ('end', 1686635792.663574)]",1686635613.062802,1686635768.529721,155.4669189453125,1686635768.529744,1686635792.663505,24.133761167526245
23.06.13-06.58.12-321198,120,C-GAP-20:bucky,dft_u,4.0,4,32,1,42,4,0.99,10,73784,250,282,1.377396649592756,0.1650289182279933,0.0244639573187954,0.2482044664802158,1.7400644394813405,0.1914925524391728,0.0256867015978181,0.3827929293471815,1.018412915930475,0.1489691005898354,0.0255353687654403,0.3984294597002642,"[('start', 1686635892.321337), ('end', 1686636350.477623)]",1686635892.324216,1686636301.447859,409.12364315986633,1686636301.447897,1686636350.477574,49.02967715263367
23.06.13-07.08.30-831847,240,C-GAP-20:bucky,dft_u,4.0,4,32,1,42,4,0.99,10,73784,167,173,1.2001552063139644,0.1444570180462585,0.021819609391661,0.2605957191917742,1.6649660254789316,0.1765025196311075,0.0229949736484185,0.3546272163644404,0.9192487163867388,0.1293884448296573,0.0223002343493034,0.3683220100455107,"[('start', 1686636510.831964), ('end', 1686636998.444712)]",1686636510.834889,1686636944.000017,433.16512799263,1686636944.000051,1686636998.444648,54.44459700584412
23.06.13-08.37.46-604921,10000,C-SYNTH-23M:reasonable,lcbop,4.0,4,32,1,42,4,0.99,10,73784,206,206,2.8579013405561304,0.2020841417869364,0.0142895067027806,0.5817417402024943,3.401203316927852,0.2405013929593861,0.0170060165846392,0.6490299126460252,2.78601645608571,0.1970011128595518,0.0139300822804285,0.6033342184395001,"[('start', 1686641866.605038), ('end', 1686698698.255518)]",1686641947.355241,1686698285.521596,56338.16635489464,1686698285.521627,1686698698.255439,412.73381209373474
23.06.14-07.28.24-804165,33000,C-SYNTH-23M:reasonable,ace,4.0,4,32,1,42,4,0.99,10,73784,87,91,2.225321999429718,0.1573540276120359,0.0111266099971485,0.2787909428464674,2.4105030215921723,0.1704483032638487,0.0120525151079608,0.2888726020074299,2.2682323876889043,0.1603882502641778,0.0113411619384445,0.2761647119979868,"[('start', 1686724104.804295), ('end', 1686798333.25811)]",1686724104.806758,1686797912.916712,73808.10995411873,1686797912.916735,1686798333.258062,420.3413269519806
23.06.15-10.07.08-918472,330,C-SYNTH-23M:reasonable,ace,4.0,2,8,1,42,4,0.99,10,1972,311,311,10.625556646236548,0.7513403158435653,0.0531277832311827,0.5967691520678194,11.757501146734612,0.8313808790664654,0.058787505733673,0.6069022908982751,11.314185426040767,0.8000337238355433,0.0565709271302038,0.5874886299993018,"[('start', 1686820028.918595), ('end', 1686820665.573269)]",1686820028.921193,1686820468.035605,439.1144120693207,1686820468.035629,1686820665.573198,197.5375690460205
23.06.15-12.34.00-967186,1000,C-SYNTH-23M:reasonable,ace,4.0,2,8,1,42,4,0.99,10,1972,270,270,8.227036093578073,0.581739301083554,0.0411351804678903,0.5553767300951729,8.2481834412758,0.5832346443796712,0.041240917206379,0.5684038025260825,8.407824800966525,0.5945229931791863,0.0420391240048326,0.5512674785476281,"[('start', 1686828840.967299), ('end', 1686830170.267698)]",1686828840.969932,1686829883.599319,1042.6293869018557,1686829883.599347,1686830170.267639,286.6682918071747
23.06.15-17.18.28-722517,100000,C-SYNTH-23M:reasonable,ace,4.0,4,32,1,42,4,0.99,10,73784,93,95,2.1015211476681843,0.1485999854323108,0.0105076057383409,0.2706118866983564,2.3004645157500616,0.1626674058965895,0.0115023225787503,0.2798772802619132,2.141538398227985,0.1514296323558385,0.0107076919911399,0.2678553240730129,"[('start', 1686845908.722631), ('end', 1687072887.137869)]",1686845908.725065,1687072463.323831,226554.5987660885,1687072463.323855,1687072887.137818,423.81396317482
23.06.25-10.51.58-801842,100,C-SYNTH-23M:reasonable,ace,4.0,4,32,1,42,4,0.99,10,73784,227,227,7.359057283613808,0.5203639308383577,0.036795286418069,0.4245078923609238,7.266025461984337,0.513785587644324,0.0363301273099216,0.5440451115936816,6.897211295348092,0.4877064878217087,0.0344860564767404,0.5068158345786378,"[('start', 1687686718.80196), ('end', 1687687682.80442)]",1687686718.804397,1687687436.160293,717.3558959960938,1687687436.160318,1687687682.804363,246.6440451145172
23.06.28-13.54.45-290454,100,Si+C-SYNTH-1M,si_gap_18,4.0,4,32,1,42,4,0.99,10,73784,245,245,5.3651529410130925,0.3793736026693305,0.0268257647050654,0.3573765300586654,6.211852878736364,0.4392443294287659,0.0310592643936818,0.3752813947325448,5.870517421210351,0.4151082677611601,0.0293525871060517,0.3942076032055124,"[('start', 1687956885.290581), ('end', 1687957371.821782)]",1687956898.66447,1687957258.966887,360.3024170398712,1687957258.966908,1687957371.821711,112.85480308532716
23.06.28-14.23.14-134347,25,Si-GAP-18,dft,6.0,4,32,1,42,4,0.99,10,73784,323,325,0.8512462175030003,0.1099642818932592,0.0336887642929152,0.1407369106177739,2.260582630156155,0.2631802439023862,0.0504080163135115,0.2151012773267474,3.2360222154318588,0.3192248387947069,0.063298410499999,0.2531433950808721,"[('start', 1687958594.134489), ('end', 1687959043.986)]",1687958724.82404,1687958989.488123,264.6640830039978,1687958989.488145,1687959043.985949,54.497803926467896
23.06.28-14.30.43-999947,50,Si-GAP-18,dft,6.0,4,32,1,42,4,0.99,10,73784,271,293,2.038010538678612,0.1646480419299536,0.0259862041659161,0.1602485033099532,1.9742020522025192,0.2040112399900429,0.0341276719920557,0.1896238683669049,2.8230277785151525,0.2435705435476157,0.0420587056248835,0.2039502718734556,"[('start', 1687959044.00007), ('end', 1687959684.674395)]",1687959044.035762,1687959623.573325,579.5375628471375,1687959623.573353,1687959684.674336,61.10098290443421
23.06.28-14.41.24-688307,100,Si-GAP-18,dft,6.0,4,32,1,42,4,0.99,10,73784,243,243,1.8327957322949155,0.1426853658584844,0.0191858845388029,0.1530769502766691,1.242432087120776,0.1411271582895914,0.0252194975147065,0.1490850473332052,2.3411714905653533,0.1891145936130489,0.0266132917702734,0.1591596582924854,"[('start', 1687959684.688424), ('end', 1687960562.812299)]",1687959684.72376,1687960496.883079,812.1593191623688,1687960496.883105,1687960562.812246,65.9291410446167
23.06.28-14.32.02-990797,100,Si+C-SYNTH-1M,si_gap_18,6.0,4,32,1,42,4,0.99,10,73784,317,317,2.9517859450058643,0.2087227858324788,0.0147589297250293,0.2645553536374668,3.385246018322308,0.2393730415540463,0.0169262300916115,0.295553082593642,3.5521429336856585,0.2511744356153006,0.0177607146684282,0.3143804347299717,"[('start', 1687959122.990921), ('end', 1687961066.327654)]",1687959123.1318,1687960903.96908,1780.837280035019,1687960903.969106,1687961066.32758,162.35847401618958
23.06.28-14.56.02-824787,200,Si-GAP-18,dft,6.0,4,32,1,42,4,0.99,10,73784,198,199,1.8340994902853776,0.1375473128948183,0.0131722345154526,0.122188315040813,0.8093504314756034,0.0820473200517741,0.013914501936481,0.1234438394757352,1.919634630206893,0.1413887253170024,0.0147168086684536,0.1316708337748112,"[('start', 1687960562.824903), ('end', 1687961656.22586)]",1687960562.858655,1687961575.606855,1012.7481999397278,1687961575.606883,1687961656.225809,80.61892604827881
23.06.28-15.22.25-650634,330,Si+C-SYNTH-1M,si_gap_18,6.0,4,32,1,42,4,0.99,10,73784,243,243,2.0643430740709228,0.1459710986371032,0.0103217153703546,0.230265222111703,2.1506097406723343,0.152071073131525,0.0107530487033616,0.2492726104922023,2.225390778460044,0.1573588910239107,0.0111269538923002,0.2508047347524669,"[('start', 1687962145.650768), ('end', 1687964366.614253)]",1687962145.775026,1687964168.038961,2022.2639348506927,1687964168.038989,1687964366.614172,198.5751829147339
23.06.28-16.13.40-523256,1000,Si+C-SYNTH-1M,si_gap_18,6.0,4,32,1,42,4,0.99,10,73784,196,196,1.6703489198533843,0.1181115048175953,0.0083517445992669,0.2084136719839623,1.7898159003165928,0.1265590960189368,0.0089490795015829,0.2195159823643078,1.830796689155477,0.1294568753875717,0.0091539834457773,0.220500373153991,"[('start', 1687965220.523369), ('end', 1687970208.410979)]",1687965220.651728,1687969878.932182,4658.280454158783,1687969878.932223,1687970208.410928,329.4787049293518
23.06.29-06.52.46-901850,400,Si-GAP-18,dft,6.0,4,32,1,42,4,0.99,10,73784,167,169,1.664481711785166,0.1241928704201884,0.0128756321293701,0.113391285227805,0.829288999318281,0.0788074730275242,0.0126920561182686,0.1095806410017903,1.7967681822443948,0.1342739419466841,0.014410206795166,0.1158728724257206,"[('start', 1688017966.901981), ('end', 1688018988.526999)]",1688017966.937946,1688018889.213018,922.2750718593596,1688018889.213048,1688018988.526934,99.31388592720032
23.06.29-07.09.48-542807,800,Si-GAP-18,dft,6.0,4,32,1,42,4,0.99,10,73784,146,149,1.1579479798868817,0.0887972728907536,0.0101113544538907,0.0928137105590136,0.6404388711031266,0.0603647438334751,0.010263277321923,0.0958655387540687,1.2146739336354375,0.0922895186160418,0.0102235187346676,0.098373463780426,"[('start', 1688018988.542932), ('end', 1688020773.421443)]",1688018988.57458,1688020625.979929,1637.4053490161896,1688020625.979962,1688020773.421381,147.4414188861847
23.06.29-07.39.33-439784,1600,Si-GAP-18,dft,6.0,4,32,1,42,4,0.99,10,73784,108,113,0.9344459449327293,0.0742430779153209,0.0088790178985803,0.0843167409666803,0.4072714912589588,0.0432330320182429,0.0084438932716782,0.0852184634695606,0.8858195297138398,0.0684792962443523,0.0080769182160039,0.0869666032668058,"[('start', 1688020773.439894), ('end', 1688023722.846448)]",1688020773.47253,1688023549.007496,2775.5349662303925,1688023549.007527,1688023722.846378,173.83885097503662
23.06.29-19.12.33-598706,25,Si-GAP-18,dft,4.0,4,32,1,42,4,0.99,10,73784,192,206,2.919593188485542,0.2954464144393269,0.0394129716880627,0.1841501114359477,3.09400631259706,0.3701190301553672,0.0742068235272223,0.2435447083012533,3.456803715723529,0.384920890946192,0.0828775388842141,0.2855469609431769,"[('start', 1688062353.59886), ('end', 1688062516.659532)]",1688062353.634961,1688062476.871432,123.23647117614746,1688062476.871454,1688062516.659457,39.78800296783447
23.06.29-19.15.16-675290,50,Si-GAP-18,dft,4.0,4,32,1,42,4,0.99,10,73784,132,149,4.696509027562458,0.4155428531345599,0.0460811392134792,0.2103860794663606,3.157201483916047,0.3574976660254864,0.0687361528185803,0.1998568462362799,3.5948529762530583,0.3894349119524889,0.0752422503576514,0.2310164504566967,"[('start', 1688062516.675413), ('end', 1688062645.258184)]",1688062516.71085,1688062602.962796,86.25194597244263,1688062602.962817,1688062645.258116,42.29529905319214
23.06.29-19.17.25-274105,100,Si-GAP-18,dft,4.0,4,32,1,42,4,0.99,10,73784,160,165,3.077506770559804,0.2655114503604798,0.0366747795696399,0.1969439281047276,2.929888362350378,0.3022195566779611,0.0469330774855783,0.1920988903227259,3.2466854473111044,0.3017053225625663,0.046976707594447,0.2068847299008731,"[('start', 1688062645.274246), ('end', 1688062846.606355)]",1688062645.310328,1688062800.178903,154.86857509613037,1688062800.178924,1688062846.606268,46.42734384536743
23.06.29-19.20.46-622316,200,Si-GAP-18,dft,4.0,4,32,1,42,4,0.99,10,73784,182,182,2.132758360731332,0.1946616981370527,0.0275003078710429,0.152857401968617,1.7060743983923286,0.1984540131943636,0.0343112060082344,0.144724054145704,1.9672343714985776,0.1853156022567098,0.0306124677272378,0.1608730426544898,"[('start', 1688062846.622451), ('end', 1688063209.120307)]",1688062846.659357,1688063153.429547,306.77019000053406,1688063153.429578,1688063209.120244,55.69066596031189
23.06.29-19.26.49-138164,400,Si-GAP-18,dft,4.0,4,32,1,42,4,0.99,10,73784,134,145,1.7606060517640307,0.1640979004973401,0.0238600026957692,0.1399075434804848,1.3024020805730816,0.1592388617534236,0.0281598611726933,0.129518596500175,1.512098004259904,0.147678510069868,0.0256957736205792,0.1473934111993206,"[('start', 1688063209.1383), ('end', 1688063771.17757)]",1688063209.174181,1688063698.176897,489.0027160644531,1688063698.176927,1688063771.17752,73.00059294700623
23.07.04-08.41.08-286621,25,Si-GAP-18,dft,4.0,4,32,1,1,4,0.99,10,73784,170,172,4.018254518552221,0.3876819706245764,0.0490098852001224,0.1974456175372309,3.781966013819389,0.4055606379324751,0.0771148438370283,0.2364051245548436,4.428002005040308,0.454640757392209,0.0891623168460434,0.2663423336642619,"[('start', 1688456468.28676), ('end', 1688456602.670972)]",1688456468.325266,1688456561.315175,92.9899091720581,1688456561.315207,1688456602.670919,41.35571193695069
23.07.04-08.43.22-687122,50,Si-GAP-18,dft,4.0,4,32,1,1,4,0.99,10,73784,210,231,3.689948627054195,0.3178074255261497,0.0357856796296281,0.1974680533080357,3.3397125283808604,0.3664281945467204,0.0633733044036962,0.1928406907709071,3.782240327844529,0.3877937919919174,0.0664010231483566,0.2158384552453848,"[('start', 1688456602.687251), ('end', 1688456789.191298)]",1688456602.724283,1688456745.840259,143.11597609519958,1688456745.840295,1688456789.191224,43.35092902183533
23.07.04-08.46.29-208355,100,Si-GAP-18,dft,4.0,4,32,1,1,4,0.99,10,73784,262,262,2.261017884016087,0.197165014659692,0.0280896946991285,0.1702769999583865,2.1783875350712654,0.2367002128020159,0.0419745699851717,0.1586271881614593,2.492451713913029,0.2370932114235171,0.0410113891236857,0.1843736245000372,"[('start', 1688456789.208486), ('end', 1688457111.845535)]",1688456789.24685,1688457063.813722,274.566871881485,1688457063.813746,1688457111.845452,48.03170609474182
23.07.04-08.51.51-869958,200,Si-GAP-18,dft,4.0,4,32,1,1,4,0.99,10,73784,188,188,2.2084239840528257,0.20245236762534,0.0280735945298238,0.1589051330186577,1.7202431795936732,0.1963194318960203,0.0349693098268015,0.1372511289486548,2.013776036761471,0.1919756112856612,0.0329214522103328,0.1627564578877095,"[('start', 1688457111.87011), ('end', 1688457526.946425)]",1688457111.907223,1688457470.029527,358.1223039627075,1688457470.029549,1688457526.946368,56.91681909561157
23.07.04-08.58.46-963303,400,Si-GAP-18,dft,4.0,4,32,1,1,4,0.99,10,73784,164,180,1.7751091348545882,0.1619131174069774,0.0227874924415247,0.1402867401033232,1.3726588003931552,0.1594670491998059,0.0275664465407471,0.1255789120585594,1.5631889405178496,0.1478818197179141,0.0249185668774929,0.1421621280977366,"[('start', 1688457526.963429), ('end', 1688458331.068237)]",1688457526.999527,1688458255.878542,728.8790149688721,1688458255.878566,1688458331.068167,75.18960094451904
23.07.04-09.12.11-085341,800,Si-GAP-18,dft,4.0,4,32,1,1,4,0.99,10,73784,116,117,1.4815816606355534,0.1377278740203484,0.021484228046698,0.1283598097458464,1.134659605286957,0.1413555772786366,0.0266020259839448,0.1216224465336202,1.2598349315604114,0.1247092880801579,0.0234921294537402,0.133572906441464,"[('start', 1688458331.085472), ('end', 1688459402.165496)]",1688458331.121799,1688459292.289333,961.1675341129304,1688459292.289373,1688459402.165443,109.876070022583
23.07.04-09.30.02-181667,1600,Si-GAP-18,dft,4.0,4,32,1,1,4,0.99,10,73784,133,133,1.4950334188426595,0.1316488504322913,0.0178223753970211,0.1052080182347625,0.8027412967284474,0.0982408597096037,0.020450904481602,0.1031895823107006,1.0635621978663274,0.0939075286724421,0.0159828677762254,0.1095196590210616,"[('start', 1688459402.181794), ('end', 1688462084.25464)]",1688459402.218228,1688461957.300342,2555.082113981247,1688461957.300371,1688462084.254581,126.95421004295348
23.07.04-10.14.44-302618,800,Si-GAP-18,dft,4.0,4,32,1,42,4,0.99,10,73784,150,150,1.376976898287293,0.1233933851141164,0.0182931833208807,0.1105112704387887,0.9332879532041444,0.1154656893764632,0.02237088199468,0.1149523351130265,1.2303093016913471,0.1149722601155077,0.0195089217879936,0.1230667788357171,"[('start', 1688462084.302746), ('end', 1688463794.552881)]",1688462084.336674,1688463685.062344,1600.7256700992584,1688463685.062374,1688463794.552805,109.49043083190918
23.07.04-10.43.14-570312,1600,Si-GAP-18,dft,4.0,4,32,1,42,4,0.99,10,73784,123,123,1.4664812547273518,0.1324430589697797,0.0189343170697726,0.1024011501769309,0.8853888881792578,0.1064297997766901,0.0231226798700213,0.1042783765093644,1.0012365027270913,0.0984276078099333,0.0198012585038053,0.1107100342819346,"[('start', 1688463794.570455), ('end', 1688466863.063384)]",1688463794.60682,1688466735.860682,2941.2538619041443,1688466735.860711,1688466863.063322,127.20261096954346
23.07.06-14.59.58-428864,25,Si-GAP-18,dft,4.0,4,32,1,2,4,0.99,10,73784,226,227,3.276345141591537,0.3259874447979805,0.0445973839683833,0.1884654468643518,3.0764900421161245,0.3666786403804408,0.0790207489828075,0.2214567842024909,3.710470571608115,0.4091513219368448,0.0888454533597928,0.2457481962395188,"[('start', 1688651998.428985), ('end', 1688652191.110037)]",1688651998.467622,1688652149.405269,150.93764686584473,1688652149.405295,1688652191.109974,41.70467901229858
23.07.06-15.03.11-128656,50,Si-GAP-18,dft,4.0,4,32,1,2,4,0.99,10,73784,152,189,5.302227812862587,0.4706358508653424,0.0518651452352176,0.2171345043388569,3.435381593692156,0.3799491209007816,0.0735435615567497,0.2028399108116557,4.0557046467741005,0.4315439202801486,0.08303430588006,0.2280184248910377,"[('start', 1688652191.128786), ('end', 1688652396.68331)]",1688652191.170251,1688652352.534358,161.364107131958,1688652352.534387,1688652396.683244,44.14885687828064
23.07.06-15.06.36-707550,100,Si-GAP-18,dft,4.0,4,32,1,2,4,0.99,10,73784,101,104,4.428013382022189,0.3882717106088431,0.0524565497768977,0.22752251647937,3.573278866809315,0.3667103402383049,0.0627263575499835,0.2011974511623826,3.990218680202787,0.3891630437737775,0.0663397612862864,0.2176310339124329,"[('start', 1688652396.707706), ('end', 1688652596.914608)]",1688652396.748871,1688652540.55071,143.8018388748169,1688652540.550747,1688652596.91454,56.36379313468933
23.07.06-15.09.56-933363,200,Si-GAP-18,dft,4.0,4,32,1,2,4,0.99,10,73784,153,181,2.668898805957325,0.2373724200773142,0.034223565129597,0.1669612586178124,2.0469815116148893,0.2213446053592482,0.0411680286358073,0.148657852499561,2.4655935952614825,0.2269056074730501,0.0403166277229351,0.1698700447188431,"[('start', 1688652596.933485), ('end', 1688653095.438328)]",1688652596.970094,1688653038.132401,441.1623070240021,1688653038.132423,1688653095.438264,57.30584096908569
23.07.06-15.18.15-457194,400,Si-GAP-18,dft,4.0,4,32,1,2,4,0.99,10,73784,161,170,1.690349857168754,0.1595430750037712,0.024378657015807,0.1352382149077737,1.2991947982340184,0.1577531486012156,0.0274428436573747,0.12750398220098,1.5309216076489816,0.1458921349662642,0.0265840122279012,0.1413909454904683,"[('start', 1688653095.457325), ('end', 1688654005.776276)]",1688653095.493873,1688653930.182177,834.6883041858673,1688653930.182198,1688654005.776207,75.5940089225769
23.07.06-15.33.25-794808,800,Si-GAP-18,dft,4.0,4,32,1,2,4,0.99,10,73784,137,147,1.469353742351096,0.1358805915973418,0.0205864813250214,0.1180952290485113,1.0974947030236606,0.1354801240134119,0.0248097320318244,0.1173188006737117,1.3202908319588138,0.1230499015589428,0.0207957620246562,0.1309377281906981,"[('start', 1688654005.794934), ('end', 1688655631.768352)]",1688654005.830505,1688655521.301902,1515.4713971614838,1688655521.301938,1688655631.768292,110.46635389328004
23.07.06-16.00.31-795575,1600,Si-GAP-18,dft,4.0,4,32,1,2,4,0.99,10,73784,131,133,1.5023648740413948,0.1317541043587292,0.0177024162170258,0.1039329937859222,0.8020455467371832,0.0973304106282317,0.0211107972336335,0.1037061391594207,1.0939715740566522,0.0957583750557417,0.0160689285772265,0.108582990364817,"[('start', 1688655631.795733), ('end', 1688658786.329143)]",1688655631.83128,1688658659.380317,3027.549036979676,1688658659.380348,1688658786.329074,126.948725938797
23.07.10-13.31.03-938557,25,C-GAP-17,dft,4.0,4,32,1,1,4,0.99,10,73784,115,154,9.69112085544077,0.9255518513490024,0.1180996370541466,0.962547229472954,12.779994587047089,1.3627081168117796,0.1896653307880269,1.2647347348239175,11.69273083566202,1.3354079778759478,0.2019500297429668,1.2311813832351763,"[('start', 1688992263.938698), ('end', 1688992500.8302)]",1688992263.996156,1688992418.953182,154.95702600479126,1688992418.953203,1688992500.830148,81.87694501876831
23.07.10-13.35.00-847475,50,C-GAP-17,dft,4.0,4,32,1,1,4,0.99,10,73784,99,139,7.759653232526941,0.7388363549222923,0.103389966666399,0.90492946782474,10.791256058852404,1.1430057925846606,0.1566224563449159,1.1755500201298672,9.62498324365336,1.0959279988050985,0.1701056943812915,1.1385452662026057,"[('start', 1688992500.847594), ('end', 1688992696.1592)]",1688992500.900328,1688992610.793598,109.89327001571657,1688992610.793627,1688992696.159138,85.36551094055176
23.07.10-13.38.16-176577,100,C-GAP-17,dft,4.0,4,32,1,1,4,0.99,10,73784,91,118,5.86903011949295,0.6215427942978332,0.0846812818218958,0.8370448570584886,8.156124282506468,0.8493459192399261,0.1090340749110421,1.0435369317515455,7.28018400810469,0.8209325187915265,0.1274143257846068,1.0288373986099404,"[('start', 1688992696.176693), ('end', 1688992934.575552)]",1688992696.229207,1688992842.715769,146.4865620136261,1688992842.71579,1688992934.575491,91.85970091819765
23.07.10-13.42.14-592924,200,C-GAP-17,dft,4.0,4,32,1,1,4,0.99,10,73784,87,112,5.8052658769433405,0.6349524950274581,0.0876233236258387,0.8005527619180073,6.444341293546326,0.6773797214001775,0.0838696442703189,0.9663348729561184,5.955975837288708,0.6656755913756226,0.097115524384946,0.9444491066563389,"[('start', 1688992934.593039), ('end', 1688993291.997266)]",1688992934.646677,1688993186.759324,252.1126470565796,1688993186.759345,1688993291.997213,105.23786783218384
23.07.10-13.48.12-014787,400,C-GAP-17,dft,4.0,4,32,1,1,4,0.99,10,73784,77,115,5.540482394486741,0.5849845527173166,0.0800764861129202,0.762344593315769,6.047599717006334,0.6395635904330063,0.0804765291674168,0.9217968965246928,5.582182100083145,0.6216861783863395,0.0899069961921784,0.8921920853637019,"[('start', 1688993292.014904), ('end', 1688993909.165396)]",1688993292.067796,1688993779.04406,486.97626399993896,1688993779.044085,1688993909.165337,130.12125205993652
23.07.10-13.58.29-183195,800,C-GAP-17,dft,4.0,4,32,1,1,4,0.99,10,73784,132,150,4.080958485863019,0.4626741339108715,0.0627991029963403,0.6751978572482265,4.688375684755109,0.5013358997715165,0.0609536786653751,0.8432094386836043,4.356833869472181,0.4902690644764346,0.0659857141933348,0.8306562104024611,"[('start', 1688993909.183327), ('end', 1688995401.391963)]",1688993909.236582,1688995217.792442,1308.555860042572,1688995217.792467,1688995401.391909,183.5994417667389
23.07.10-14.23.21-409274,1600,C-GAP-17,dft,4.0,4,32,1,1,4,0.99,10,73784,137,177,3.855287765123885,0.4313543754242511,0.0549179714493516,0.6569790322486391,4.534345605130797,0.4805469812522199,0.0560258891584324,0.7818722372479584,4.107404486612275,0.4568107902204569,0.0574066239352859,0.7638517468945789,"[('start', 1688995401.409381), ('end', 1688998927.841789)]",1688995401.463555,1688998718.482731,3317.019176006317,1688998718.482758,1688998927.841739,209.3589808940888
23.07.10-15.22.07-859743,3200,C-GAP-17,dft,4.0,4,32,1,1,4,0.99,10,73784,140,141,3.421932225783243,0.3803395954473947,0.0471335730887048,0.6411622348546152,3.9092595297897934,0.4200730098268707,0.0495640725368995,0.729651599211266,3.560986619277845,0.3969288851890859,0.0490431569420806,0.7118125667001971,"[('start', 1688998927.859864), ('end', 1689005633.997885)]",1688998927.913623,1689005424.231316,6496.317692995071,1689005424.231345,1689005633.997831,209.7664861679077
23.07.10-17.13.54-015780,25,C-GAP-17,dft,4.0,4,32,1,2,4,0.99,10,73784,112,144,9.306327571583257,0.9151240744626298,0.1238035897006556,1.0135071582284294,12.426196294368657,1.3381878831137668,0.1897003806585175,1.3246317763710072,11.498699653062957,1.320611990244043,0.2008202969335785,1.289326818091966,"[('start', 1689005634.015896), ('end', 1689005830.851448)]",1689005634.069933,1689005748.809983,114.74005007743835,1689005748.810013,1689005830.851395,82.0413818359375
23.07.10-17.17.10-869271,50,C-GAP-17,dft,4.0,4,32,1,2,4,0.99,10,73784,115,145,8.152888509537728,0.779974109082253,0.107932595935108,0.905363384977398,10.942810365870953,1.1754068019448114,0.1653350014797519,1.232255029593568,10.132954792072246,1.163550196444333,0.1798149874141243,1.19514236745341,"[('start', 1689005830.869395), ('end', 1689006075.363214)]",1689005830.922007,1689005990.752054,159.83004689216614,1689005990.752082,1689006075.363145,84.61106300354004
23.07.10-17.21.15-489311,100,C-GAP-17,dft,4.0,4,32,1,2,4,0.99,10,73784,90,118,6.498052961067989,0.7046950728421968,0.0974916805274918,0.8580188540967314,8.914523299288351,0.933324337835158,0.1200654093096415,1.0869827399381566,7.96137313932856,0.8952780694996947,0.135249059369154,1.0609781665931286,"[('start', 1689006075.489453), ('end', 1689006383.348779)]",1689006075.541855,1689006291.257648,215.7157928943634,1689006291.257671,1689006383.348726,92.09105491638184
23.07.10-17.26.23-367613,200,C-GAP-17,dft,4.0,4,32,1,2,4,0.99,10,73784,107,125,5.54983495165592,0.6033445776442268,0.0828934068651024,0.7461226620527962,6.485787954030137,0.678428752181083,0.0828423518189822,1.012284312097752,5.721800338953124,0.6364191900879848,0.0926027386786793,0.9734241454740872,"[('start', 1689006383.367735), ('end', 1689006907.213692)]",1689006383.421216,1689006801.622848,418.20163202285767,1689006801.622896,1689006907.213646,105.59074997901917
23.07.10-17.35.07-232178,400,C-GAP-17,dft,4.0,4,32,1,2,4,0.99,10,73784,91,131,5.111300199312339,0.5457489197237791,0.0740049743763569,0.7243765815960597,5.893503846159304,0.6231974282840913,0.0757693968021071,0.9379733615620012,5.200430509491309,0.5798223525347675,0.0828208613083941,0.90308950588847,"[('start', 1689006907.232298), ('end', 1689007898.71102)]",1689006907.285411,1689007767.51693,860.2315192222595,1689007767.51696,1689007898.710972,131.19401216506958
23.07.10-17.51.38-729606,800,C-GAP-17,dft,4.0,4,32,1,2,4,0.99,10,73784,103,123,4.568781698486104,0.5195674508702661,0.0699048437809354,0.7050051083860188,5.447394262180909,0.573196721332944,0.0674734427595599,0.8451497383894002,4.853729275855055,0.5436264819763632,0.0726960013290666,0.8275478934387042,"[('start', 1689007898.729721), ('end', 1689009683.631814)]",1689007898.782713,1689009498.26859,1599.4858770370483,1689009498.268624,1689009683.631765,185.3631408214569
23.07.10-18.21.23-650121,1600,C-GAP-17,dft,4.0,4,32,1,2,4,0.99,10,73784,128,146,3.65810202305108,0.4131162375433199,0.0526792567472713,0.6478703233019085,4.2704529269049925,0.4565767322726206,0.053159446874778,0.7825150480459261,3.877888206466679,0.4345103266737003,0.0546299234421682,0.7645938492423446,"[('start', 1689009683.650235), ('end', 1689014013.948263)]",1689009683.70343,1689013805.16216,4121.458729982376,1689013805.162184,1689014013.948197,208.7860128879547
23.07.10-19.33.33-968025,3200,C-GAP-17,dft,4.0,4,32,1,2,4,0.99,10,73784,147,172,3.5744550643232094,0.398273052783355,0.0579457502554147,0.6356949753769267,4.033493567816197,0.4337027327898985,0.059095013379786,0.725167326811405,3.675048005293197,0.41154531939556,0.0619856572496996,0.7091576344343096,"[('start', 1689014013.968141), ('end', 1689025074.808949)]",1689014014.023524,1689024866.576004,10852.552479982376,1689024866.57603,1689025074.808892,208.23286199569705
23.07.11-07.37.32-924385,25,C-GAP-17,dft,4.0,4,32,1,3,4,0.99,10,73784,134,152,8.217388508576024,0.812087108407304,0.1064755106379903,0.9333916216736896,9.802301834478907,1.0844079876580424,0.1538545914718359,1.2763335554430637,9.632556317750469,1.115365275821921,0.1664564910734323,1.2499299781829856,"[('start', 1689057452.924526), ('end', 1689057633.228456)]",1689057452.985522,1689057551.218569,98.2330470085144,1689057551.218598,1689057633.228407,82.0098090171814
23.07.11-07.40.33-248058,50,C-GAP-17,dft,4.0,4,32,1,3,4,0.99,10,73784,142,163,6.930271670435292,0.6739226161187686,0.0918375600125125,0.8284920258318423,9.032037130192682,0.9663983509348538,0.1248434403953362,1.1919191169342638,8.584602141937667,0.9721428396881664,0.141982190119345,1.1679107647397953,"[('start', 1689057633.248186), ('end', 1689057843.130939)]",1689057633.300292,1689057758.442347,125.14205503463744,1689057758.442374,1689057843.130888,84.68851399421692
23.07.11-07.44.03-150173,100,C-GAP-17,dft,4.0,4,32,1,3,4,0.99,10,73784,94,129,6.065020055025687,0.6481073678744833,0.0883283463019522,0.8536081454663075,8.208115316808396,0.8546225855383512,0.1061836439153158,1.0519708485546602,7.466376028847085,0.8276241995213376,0.1228626104811994,1.030382198430236,"[('start', 1689057843.150289), ('end', 1689058088.06248)]",1689057843.202738,1689057996.998093,153.79535484313965,1689057996.998127,1689058088.062411,91.06428408622742
23.07.11-07.48.08-082515,200,C-GAP-17,dft,4.0,4,32,1,3,4,0.99,10,73784,85,113,5.766118330316638,0.6298592360371847,0.0857714626556377,0.8049349470367286,6.487720965831604,0.6761596783124224,0.0816759674017591,0.9707025530100925,5.87085827509138,0.6532491913061512,0.0943228288249353,0.956999963057376,"[('start', 1689058088.082632), ('end', 1689058442.230482)]",1689058088.134809,1689058336.70317,248.56836104393005,1689058336.703195,1689058442.230418,105.5272228717804
23.07.11-07.54.02-251098,400,C-GAP-17,dft,4.0,4,32,1,3,4,0.99,10,73784,79,100,5.260223548009064,0.5604590164707101,0.0767264646213199,0.7559613491812858,5.79502446865951,0.6133183586400918,0.0772269882715816,0.9132656625047294,5.403134399374272,0.6022765431948067,0.0870655582490089,0.8941916288137525,"[('start', 1689058442.251236), ('end', 1689058982.678871)]",1689058442.303911,1689058852.567361,410.26345014572144,1689058852.567392,1689058982.678805,130.11141300201416
23.07.11-08.03.02-699066,800,C-GAP-17,dft,4.0,4,32,1,3,4,0.99,10,73784,123,163,4.3137780130792205,0.4854999023487927,0.0647230137158636,0.682755499495358,4.884939068841345,0.5222255122410706,0.0619551004919975,0.8349867392330026,4.546427931697897,0.508276070749139,0.0673886395009183,0.8205429107091876,"[('start', 1689058982.699182), ('end', 1689060530.290645)]",1689058982.751848,1689060347.685794,1364.93394613266,1689060347.685817,1689060530.290578,182.60476088523865
23.07.11-08.28.50-311143,1600,C-GAP-17,dft,4.0,4,32,1,3,4,0.99,10,73784,134,138,3.729371975005981,0.4179714862636339,0.0535863529297004,0.6485348441475143,4.277336761047722,0.4569466557869915,0.0531639795270572,0.7839467752733366,3.97499699475704,0.4421800044722321,0.055769645394935,0.7649851264273685,"[('start', 1689060530.311272), ('end', 1689063254.042939)]",1689060530.36453,1689063045.902708,2515.5381779670715,1689063045.902734,1689063254.042889,208.1401550769806
23.07.11-09.14.14-062971,3200,C-GAP-17,dft,4.0,4,32,1,3,4,0.99,10,73784,168,171,3.309296445586173,0.3713808478140612,0.0465493790981608,0.6319149748122355,3.759073136459128,0.4070582212122327,0.0480836415331772,0.7261269538371066,3.470858137010824,0.388922239903361,0.0482264009738062,0.7101427825680149,"[('start', 1689063254.063086), ('end', 1689071226.25938)]",1689063254.116433,1689071016.897081,7762.780647993088,1689071016.897107,1689071226.259335,209.3622281551361
23.07.11-11.27.06-279913,25,C-GAP-17,dft,4.0,4,32,1,4,4,0.99,10,73784,139,176,8.053252022499823,0.8112199749433786,0.1053592031424086,0.9084014098226554,11.549869447932323,1.2325367733907469,0.1617903635924657,1.287053285749958,10.77224570529525,1.2278077321526115,0.1744653780151853,1.261338060208405,"[('start', 1689071226.280036), ('end', 1689071445.92408)]",1689071226.334974,1689071364.009,137.67402601242063,1689071364.009023,1689071445.924022,81.91499900817871
23.07.12-07.22.57-457844,15,C-GAP-20:bucky,dft_u,4.0,4,32,1,1,4,0.99,10,73784,300,300,1.5403856697734792,0.1871331284945172,0.025149245437309,0.3118393638864835,10.131516378637642,1.5997731324026156,0.2679115624193936,0.7543739717804154,6.108163887285314,0.8539310666829096,0.1215682908107618,0.6457840275935445,"[('start', 1689142977.457985), ('end', 1689143082.544205)]",1689142977.47053,1689143063.543748,86.07321786880493,1689143063.543777,1689143082.544156,19.00037908554077
23.07.12-07.25.39-714558,30,C-GAP-20:bucky,dft_u,4.0,4,32,1,1,4,0.99,10,73784,300,300,1.512109320207111,0.1842044029777117,0.0270817756753701,0.3157567559762821,3.132423553191026,0.3724540552663595,0.0687257623140179,0.5636819590081298,2.1202127832383315,0.2889566236169551,0.0448041114191892,0.5729128418939246,"[('start', 1689143139.714692), ('end', 1689143251.026206)]",1689143139.722808,1689143229.86557,90.14276218414308,1689143229.865599,1689143251.02614,21.16054105758667
23.07.12-07.28.33-301070,60,C-GAP-20:bucky,dft_u,4.0,4,32,1,1,4,0.99,10,73784,248,285,1.287913558935672,0.1721714446496488,0.0275058654956058,0.3105394613578334,2.890791863930441,0.3607797322107186,0.0711990885212488,0.4876979249883282,1.845429365617196,0.2698687197343417,0.0435973362494727,0.4456117145185985,"[('start', 1689143313.301198), ('end', 1689143482.458964)]",1689143313.309488,1689143457.974328,144.66483998298645,1689143457.97435,1689143482.45889,24.48453998565674
23.07.12-07.33.17-321977,120,C-GAP-20:bucky,dft_u,4.0,4,32,1,1,4,0.99,10,73784,170,190,1.5425964727040573,0.1798634170802075,0.0257767813754865,0.2982079952326512,2.015639553041767,0.2155017100251599,0.028834566169213,0.3816526195905353,1.1153520994168329,0.1590947306361428,0.0263439288642285,0.3802476940100117,"[('start', 1689143597.322129), ('end', 1689143809.612798)]",1689143597.330548,1689143778.106289,180.7757408618927,1689143778.106323,1689143809.612732,31.50640892982483
23.07.12-07.39.48-494405,240,C-GAP-20:bucky,dft_u,4.0,4,32,1,1,4,0.99,10,73784,228,233,1.1731232960612434,0.1352308900994406,0.0192302653920968,0.2430677832795919,1.5876824957822582,0.1664291714802759,0.0212941669091166,0.3213480215104068,0.8787393681948812,0.1175580515074809,0.0182692764699682,0.3259263342022884,"[('start', 1689143988.494556), ('end', 1689144456.72547)]",1689143988.502648,1689144410.974537,422.4718887805939,1689144410.97457,1689144456.72538,45.75080990791321
23.07.12-07.51.46-383701,15,C-GAP-20:bucky,dft_u,4.0,4,32,1,2,4,0.99,10,73784,300,300,1.985818962361682,0.2459385456384058,0.0319400769070208,0.3055955831382713,6.992229594716378,1.052163641203506,0.1740982818476849,0.7119394162079177,4.757363368821998,0.6725219817191433,0.0995026675681088,0.6578176391848943,"[('start', 1689144706.38384), ('end', 1689144798.150728)]",1689144706.392141,1689144778.69254,72.30039882659912,1689144778.692564,1689144798.150658,19.458093881607056
23.07.12-07.54.15-139451,30,C-GAP-20:bucky,dft_u,4.0,4,32,1,2,4,0.99,10,73784,199,227,2.212860159713609,0.2928955205319773,0.0469692443970726,0.3989560426550509,4.446016697590443,0.5820155418540622,0.1259388910166357,0.6027485121608482,3.376687923933192,0.4100190340201312,0.061947816872381,0.6071279917717441,"[('start', 1689144855.139606), ('end', 1689144946.166923)]",1689144855.147714,1689144924.864691,69.7169771194458,1689144924.864726,1689144946.166849,21.302122831344604
23.07.12-07.56.55-428151,60,C-GAP-20:bucky,dft_u,4.0,4,32,1,2,4,0.99,10,73784,219,234,1.4602757247647633,0.2015867594926808,0.032655054935042,0.3338586466724913,3.2142278388047565,0.4504731125879355,0.0980808323217564,0.5108784023511261,2.294162731120551,0.3256490575341206,0.0509719600116822,0.4724041814324288,"[('start', 1689145015.428287), ('end', 1689145161.114423)]",1689145015.436534,1689145136.352759,120.91622495651244,1689145136.352782,1689145161.114341,24.761559009552
23.07.12-08.01.00-948842,120,C-GAP-20:bucky,dft_u,4.0,4,32,1,2,4,0.99,10,73784,212,233,2.0591278879376644,0.2325350485199181,0.0326529721210924,0.2873000805834408,2.515339146895564,0.2577861704151709,0.0320231435603829,0.4006281103786117,1.4374550186179582,0.205972697965291,0.034961568340039,0.4080213428153161,"[('start', 1689145260.948972), ('end', 1689145520.528305)]",1689145260.95713,1689145489.094386,228.1372561454773,1689145489.094416,1689145520.528243,31.43382716178894
23.07.12-08.07.55-624461,240,C-GAP-20:bucky,dft_u,4.0,4,32,1,2,4,0.99,10,73784,243,243,1.1625788516318964,0.1318873628793508,0.0188292759593211,0.2346005057353108,1.6344890509991488,0.1683024201650387,0.0212270824877831,0.3399965472616912,0.7918817910153666,0.113485596301205,0.0190057918103006,0.3445546839670602,"[('start', 1689145675.624608), ('end', 1689146183.198001)]",1689145675.63277,1689146137.649178,462.01640796661377,1689146137.64922,1689146183.197898,45.548677921295166
23.07.19-14.27.05-141488,50,C-GAP-17,dft,4.0,4,32,1,4,4,0.99,10,73784,121,158,7.933537316239038,0.7612681106800867,0.1002676405434426,0.8942770655300137,10.70516555492155,1.1323578681895148,0.1455597742695001,1.1931099061154191,9.880538955941802,1.1150240325464418,0.1603376496266698,1.162157421425415,"[('start', 1689773225.141616), ('end', 1689773673.339697)]",1689773225.200877,1689773584.599546,359.3986690044403,1689773584.599566,1689773673.33963,88.74006390571594
23.07.19-14.34.33-362607,100,C-GAP-17,dft,4.0,4,32,1,4,4,0.99,10,73784,100,137,6.160492580568939,0.6605664839244318,0.088136270533817,0.8428593390147017,8.645622535552219,0.8977743328483354,0.1111703403751354,1.0606366176287745,7.630340523463722,0.849592844937001,0.1263079621258586,1.038845669892066,"[('start', 1689773673.362721), ('end', 1689774159.556484)]",1689773673.415809,1689774064.237572,390.82176303863525,1689774064.237599,1689774159.556433,95.318834066391
23.07.19-14.42.39-578480,200,C-GAP-17,dft,4.0,4,32,1,4,4,0.99,10,73784,81,114,5.950726980556242,0.6565731241984215,0.0894147203730912,0.8186667514498787,6.696920829882102,0.7047024967640784,0.0855622341381105,0.9716788180563616,6.048119181570433,0.6740274049175502,0.0969449926144407,0.9549066069241908,"[('start', 1689774159.578595), ('end', 1689774841.684043)]",1689774159.633911,1689774733.889318,574.2554070949554,1689774733.889345,1689774841.683974,107.79462909698486
23.07.19-14.54.01-818422,400,C-GAP-17,dft,4.0,4,32,1,4,4,0.99,10,73784,68,107,5.652784036689263,0.6027306600716409,0.0813409520924747,0.7842597260195172,6.490011796680359,0.6765808893005241,0.0826780916918996,0.9254917912581055,5.741017978156357,0.6394690402185894,0.0912715146115157,0.9017798434142538,"[('start', 1689774841.818569), ('end', 1689775980.540463)]",1689774841.87336,1689775845.923653,1004.05029296875,1689775845.923675,1689775980.540405,134.6167299747467
23.07.19-15.13.00-564609,800,C-GAP-17,dft,4.0,4,32,1,4,4,0.99,10,73784,104,144,4.517849429904634,0.5107573221163937,0.0688757578210331,0.7089227951492267,5.210291559008495,0.5505669159278225,0.0649197230617033,0.8441235653838008,4.724423189896484,0.5298313530164608,0.0710991783137414,0.8249537807436994,"[('start', 1689775980.564744), ('end', 1689778821.47358)]",1689775980.620647,1689778631.693859,2651.073212146759,1689778631.69388,1689778821.473514,189.77963399887085
23.07.19-16.00.21-498693,1600,C-GAP-17,dft,4.0,4,32,1,4,4,0.99,10,73784,138,144,3.675479083260559,0.4135115589232047,0.0527630017670704,0.6462437005453239,4.258414237009887,0.4550424032576267,0.0533250311302474,0.7824589217146494,3.9021825495454032,0.4346557937039321,0.0544461159056718,0.7663752027890114,"[('start', 1689778821.498818), ('end', 1689784471.87143)]",1689778821.554727,1689784255.98992,5434.43519282341,1689784255.989945,1689784471.871382,215.8814370632172
23.07.19-17.34.31-896026,3200,C-GAP-17,dft,4.0,4,32,1,4,4,0.99,10,73784,187,189,3.238942360174075,0.3670406112888202,0.0462861117971057,0.6307075404147807,3.8224286077919416,0.4089235521087832,0.0476190603964792,0.72575432766987,3.4102105923028865,0.3848654342224982,0.047946843076085,0.7074319055193972,"[('start', 1689784471.896152), ('end', 1689800677.721826)]",1689784471.95186,1689800463.180446,15991.22858595848,1689800463.18047,1689800677.721779,214.54130911827087
23.07.20-14.55.53-236844,15,C-GAP-20:bucky,dft_u,4.0,4,32,1,3,4,0.99,10,73784,228,237,2.196903438917843,0.2690863575657258,0.0350213515957863,0.3476298773544106,8.976147024880278,1.3851005264877267,0.230739422125789,0.686554106995981,5.834819434814823,0.8209285162394447,0.1193544103866285,0.6424360072874895,"[('start', 1689861353.237008), ('end', 1689861457.140243)]",1689861353.248074,1689861437.289767,84.04169297218323,1689861437.289793,1689861457.140171,19.850378036499023
23.07.20-14.58.46-161342,30,C-GAP-20:bucky,dft_u,4.0,4,32,1,3,4,0.99,10,73784,164,167,2.446460107654984,0.3053033238353836,0.0457296409721707,0.4333677129164835,4.973289180230524,0.5504630023049224,0.0934662752522292,0.6374797050221476,3.2560662988531086,0.4241401367891934,0.0641602081935818,0.6153833605893393,"[('start', 1689861526.161505), ('end', 1689861611.827059)]",1689861526.169747,1689861585.850308,59.68056082725525,1689861585.85034,1689861611.827004,25.976664066314697
23.07.20-15.01.16-031151,60,C-GAP-20:bucky,dft_u,4.0,4,32,1,3,4,0.99,10,73784,254,257,1.246119411329874,0.1640340258205417,0.0251260890953632,0.2932355689953942,2.8455999908413845,0.3113869538236208,0.046469441275616,0.5148310679928308,2.0273043975777285,0.2896340512390339,0.0439787966124623,0.4387586724235115,"[('start', 1689861676.031318), ('end', 1689861940.147995)]",1689861676.039514,1689861898.077633,222.03811883926392,1689861898.077674,1689861940.147924,42.07025003433228
23.07.20-15.08.12-084681,120,C-GAP-20:bucky,dft_u,4.0,4,32,1,3,4,0.99,10,73784,189,225,1.7675540237688026,0.2064518207647502,0.0293882094254502,0.2942246102143554,2.248486114642965,0.2348388608990075,0.0293479455778015,0.4044736102715208,1.3042343780144383,0.1919124916053644,0.031674124166524,0.3840969306510452,"[('start', 1689862092.084868), ('end', 1689862492.635977)]",1689862092.094254,1689862442.569937,350.4756829738617,1689862442.569968,1689862492.635888,50.06592011451721
23.07.20-15.19.19-445040,240,C-GAP-20:bucky,dft_u,4.0,4,32,1,3,4,0.99,10,73784,167,176,1.2911725974170838,0.1479689288540059,0.0209807519823466,0.2630596031865034,1.768178152302198,0.1781909491875443,0.0216243884284166,0.3462363463408973,1.0296083254790809,0.1426654537103016,0.0231262897418309,0.340749077217031,"[('start', 1689862759.445247), ('end', 1689863325.499668)]",1689862759.462414,1689863264.795722,505.3333079814911,1689863264.795752,1689863325.49959,60.70383787155152
23.07.20-15.34.58-080130,15,C-GAP-20:bucky,dft_u,4.0,4,32,1,4,4,0.99,10,73784,237,275,2.085194133819744,0.2600412265112961,0.0345457669136774,0.3805553320844941,7.089614300340496,1.072284281095081,0.1761543493108067,0.6876192866806067,4.910904383252839,0.6900123937107324,0.1020265413867426,0.6338371089773432,"[('start', 1689863698.080308), ('end', 1689863848.299388)]",1689863698.088777,1689863811.735854,113.64707684516908,1689863811.735894,1689863848.299318,36.5634241104126
23.07.20-15.38.33-379827,30,C-GAP-20:bucky,dft_u,4.0,4,32,1,4,4,0.99,10,73784,300,300,1.5872122942738045,0.2118204621713647,0.0349833386038126,0.3525089707711771,3.505454700493471,0.3877562192446904,0.059767560723959,0.5814963946003415,2.715923514889131,0.3523833180677396,0.0538002045595517,0.5674830597451771,"[('start', 1689863913.379991), ('end', 1689864037.290261)]",1689863913.388166,1689864015.769572,102.38140606880188,1689864015.769603,1689864037.290191,21.52058792114257
23.07.20-15.41.43-655255,60,C-GAP-20:bucky,dft_u,4.0,4,32,1,4,4,0.99,10,73784,239,256,1.2719828300704508,0.178363966199266,0.0294299746517605,0.3270062944685843,2.8541203699043964,0.3411278257015875,0.0552179157058937,0.4804612128057303,2.154712470512661,0.3077097106126373,0.047771383376245,0.4721739994855014,"[('start', 1689864103.655397), ('end', 1689864308.617283)]",1689864103.66355,1689864268.595614,164.93206405639648,1689864268.595659,1689864308.617181,40.0215220451355
23.07.20-15.47.06-740277,120,C-GAP-20:bucky,dft_u,4.0,4,32,1,4,4,0.99,10,73784,188,188,1.5744435911065855,0.1791215363039873,0.0258710178190313,0.292240464563654,2.01868614152558,0.2075040957503515,0.0258435008302286,0.4022665941919106,1.1354814612828363,0.1596639271787437,0.0263882551005463,0.3878569256423071,"[('start', 1689864426.74042), ('end', 1689864664.132858)]",1689864426.748603,1689864631.983791,205.2351880073548,1689864631.983822,1689864664.132791,32.14896893501282
23.07.20-15.53.49-933524,240,C-GAP-20:bucky,dft_u,4.0,4,32,1,4,4,0.99,10,73784,178,190,1.3499121880977805,0.1560846503758729,0.0222651882959694,0.2655422901080091,1.804981550962046,0.1896211578626984,0.0239323676584645,0.3511792134427616,1.0824827335615932,0.1455519014638262,0.0228711325826907,0.3739834148534589,"[('start', 1689864829.933682), ('end', 1689865273.534085)]",1689864829.942032,1689865227.05639,397.1143579483032,1689865227.056422,1689865273.533986,46.477564096450806
23.07.21-10.26.02-532927,25,Si-GAP-18,dft,4.0,4,32,1,3,4,0.99,10,73784,273,278,2.578043550074349,0.2570597394239995,0.033852744510014,0.1764091620699636,3.1481847259522304,0.375906189359304,0.068170769414957,0.2432262453510363,3.5360702198927005,0.390179261384962,0.075092759118375,0.2809775260718373,"[('start', 1689931562.533056), ('end', 1689931753.628519)]",1689931562.570674,1689931713.705515,151.134840965271,1689931713.705536,1689931753.628445,39.92290902137756
23.07.21-10.29.13-657678,50,Si-GAP-18,dft,4.0,4,32,1,3,4,0.99,10,73784,144,167,4.604457933487684,0.4001861469960378,0.0432028597433714,0.2131288896008564,3.73407637135088,0.3883370866116256,0.0634823476080126,0.2018285691804558,4.253555138934788,0.4237255321108515,0.0691693119091483,0.2214621408201655,"[('start', 1689931753.657793), ('end', 1689931892.335352)]",1689931753.691715,1689931850.174931,96.483216047287,1689931850.174952,1689931892.335283,42.16033101081848
23.07.21-10.31.32-363075,100,Si-GAP-18,dft,4.0,4,32,1,3,4,0.99,10,73784,112,117,3.893096425172883,0.3305362866682626,0.0449161141638276,0.2153181989355078,3.584319678037724,0.3447476815935828,0.0530061811234067,0.1929500503157602,4.019850178481521,0.3640455920402256,0.0550421457513396,0.2146257782306464,"[('start', 1689931892.363201), ('end', 1689932050.130138)]",1689931892.397301,1689932003.987231,111.58993005752563,1689932003.987253,1689932050.130058,46.142805099487305
23.07.21-10.34.10-163839,200,Si-GAP-18,dft,4.0,4,32,1,3,4,0.99,10,73784,167,180,2.3966090731639373,0.2180671030563372,0.0303991542773448,0.1655058491252664,1.8293989829485424,0.2064210463332822,0.0371622577298024,0.146302021910189,2.142346100302128,0.2035000775385533,0.0342244331778638,0.16804341054118,"[('start', 1689932050.163967), ('end', 1689932400.103701)]",1689932050.197504,1689932344.956136,294.7586319446564,1689932344.95616,1689932400.103627,55.14746689796448
23.07.21-10.40.00-141596,400,Si-GAP-18,dft,4.0,4,32,1,3,4,0.99,10,73784,174,194,1.695860942990401,0.1558510083033189,0.023288207347571,0.1359888738163436,1.335907835115743,0.1565225162924094,0.0268356837909174,0.1270290392703347,1.5500074077651602,0.1488618690556024,0.0267861191185586,0.1417621158922663,"[('start', 1689932400.141719), ('end', 1689933121.812491)]",1689932400.173583,1689933048.860994,648.68741106987,1689933048.861027,1689933121.812435,72.95140790939331
23.07.21-10.52.01-841875,800,Si-GAP-18,dft,4.0,4,32,1,3,4,0.99,10,73784,142,148,1.4427909874248197,0.1289475323718345,0.0195372754065934,0.1153211494920979,0.943054556484301,0.1144702850040615,0.0225554554008736,0.1166363568915426,1.2410474124245598,0.1143102621382566,0.0205592299489452,0.1260935997600521,"[('start', 1689933121.841995), ('end', 1689934368.676638)]",1689933121.875657,1689934262.457143,1140.5814859867096,1689934262.45717,1689934368.676574,106.21940398216248
23.07.21-11.12.48-711987,1600,Si-GAP-18,dft,4.0,4,32,1,3,4,0.99,10,73784,107,108,1.5323444827672053,0.1361352789699792,0.0186624071086499,0.1052217809420298,0.8122088113303495,0.0987200917191657,0.0203195920614422,0.1071197255395363,1.101352264793018,0.1011562598705252,0.0177353612713567,0.115599631637924,"[('start', 1689934368.71212), ('end', 1689936315.202998)]",1689934368.744958,1689936192.04374,1823.2987821102145,1689936192.043773,1689936315.202933,123.15916013717651
23.07.21-11.45.15-236561,25,Si-GAP-18,dft,4.0,4,32,1,4,4,0.99,10,73784,144,156,4.325897067356003,0.4265028555499315,0.051508690435427,0.2002210051025527,3.694876720264028,0.4018351273866559,0.0835049163941493,0.2609132563571574,4.442689343039285,0.4677965554510869,0.0991341656679901,0.3152416906765916,"[('start', 1689936315.236691), ('end', 1689936442.883445)]",1689936315.269805,1689936403.179154,87.90934896469116,1689936403.179187,1689936442.883379,39.70419192314148
23.07.21-11.47.22-912720,50,Si-GAP-18,dft,4.0,4,32,1,4,4,0.99,10,73784,141,145,4.980700591391361,0.4330213124593113,0.0461086041465706,0.2112202590573624,3.639986413348149,0.3818274845822437,0.0666597808837791,0.2072647945938464,4.242630468419538,0.4290439853213968,0.0757748288757862,0.2372979771509645,"[('start', 1689936442.91285), ('end', 1689936600.63344)]",1689936442.946277,1689936558.184126,115.23784899711607,1689936558.184149,1689936600.633373,42.44922399520874
23.07.21-11.50.00-779491,100,Si-GAP-18,dft,4.0,4,32,1,4,4,0.99,10,73784,215,215,2.7026127683362104,0.2345701812710973,0.0344702121002577,0.1876031545004946,2.701115219647045,0.2832567131237519,0.0476667145273731,0.1761078457732947,2.978446783612139,0.2789964315850593,0.0462248645723759,0.1955282667796158,"[('start', 1689936600.780147), ('end', 1689936952.016821)]",1689936600.814653,1689936905.539562,304.724909067154,1689936905.539584,1689936952.016742,46.4771580696106
23.07.21-11.55.52-046867,200,Si-GAP-18,dft,4.0,4,32,1,4,4,0.99,10,73784,207,213,2.141870846740776,0.1919249259540152,0.0271606444500893,0.1559257635417623,1.6664851196991193,0.1869166610907227,0.0344598286729336,0.1400954531922948,1.9316383796419765,0.1779978860364661,0.0317423343512378,0.1613106074386948,"[('start', 1689936952.047003), ('end', 1689937543.150079)]",1689936952.081111,1689937487.481748,535.4006371498108,1689937487.481773,1689937543.150022,55.66824913024902
23.07.21-12.05.43-179531,400,Si-GAP-18,dft,4.0,4,32,1,4,4,0.99,10,73784,163,167,1.74473196540323,0.1612630848423058,0.0237164658405485,0.1396279767870242,1.3044344943583104,0.1583493025380071,0.0278276330199375,0.125835691974741,1.513689407658851,0.1462331756828797,0.0267774527117572,0.1421700834038108,"[('start', 1689937543.179655), ('end', 1689938464.400202)]",1689937543.213405,1689938391.163312,847.9499070644379,1689938391.163343,1689938464.400145,73.23680210113525
23.07.21-12.21.04-430451,800,Si-GAP-18,dft,4.0,4,32,1,4,4,0.99,10,73784,128,133,1.4966549967677567,0.1368213797237373,0.019988426512333,0.1204603935249731,1.0793015149365908,0.1320567806691382,0.0239651739838508,0.1177153334675016,1.327927842258567,0.1223986519674546,0.0206700767974703,0.1254348121801385,"[('start', 1689938464.430587), ('end', 1689940088.256578)]",1689938464.464591,1689939980.968888,1516.5042970180511,1689939980.968919,1689940088.256509,107.28759002685548
23.07.21-12.48.08-286267,1600,Si-GAP-18,dft,4.0,4,32,1,4,4,0.99,10,73784,132,145,1.4162566883555612,0.122037794438744,0.0172911275402683,0.1003349426798729,0.69343021410555,0.0859550353354978,0.0195162271810239,0.1026056572042892,1.0991988426612338,0.0926012423989747,0.0159397754750816,0.1074005567570713,"[('start', 1689940088.286384), ('end', 1689943884.564727)]",1689940088.320093,1689943762.153685,3673.833592176437,1689943762.153711,1689943884.564651,122.4109399318695
23.10.20-12.08.24-282803,100,C-SYNTH-23M:sp2,ace,4.0,4,32,1,42,4,0.99,10,73784,261,262,5.993604560231664,0.4238118428290424,0.0299680228011583,0.3521306215547076,6.302931269476386,0.4456845441999487,0.0315146563473819,0.4264892834855838,6.002471632518361,0.424438839523362,0.0300123581625918,0.4297103223247137,"[('start', 1697800104.282925), ('end', 1697801759.852093)]",1697800104.816537,1697801539.401753,1434.5852160453796,1697801539.401781,1697801759.852031,220.4502499103546
23.10.20-13.59.06-007121,100,C-SYNTH-23M:sp3,ace,4.0,4,32,1,42,4,0.99,10,73784,300,300,3.7056072224455,0.262025999540506,0.0185280361122275,0.4481490765440528,3.579414211958148,0.2531028061951108,0.0178970710597907,0.5162337605542093,3.6077596007419785,0.2551071278575524,0.0180387980037098,0.5274320480579432,"[('start', 1697806746.007236), ('end', 1697808274.046727)]",1697806746.533809,1697807970.529989,1223.9961800575256,1697807970.530015,1697808274.046677,303.5166621208191
23.10.20-14.24.34-075461,330,C-SYNTH-23M:sp2,ace,4.0,4,32,1,42,4,0.99,10,73784,262,262,4.20904782171959,0.2976246257076388,0.0210452391085979,0.2917657959494919,4.5884758033943855,0.3244542355890561,0.0229423790169719,0.341922228796256,4.394368699939617,0.3107287906761216,0.021971843499698,0.3440929507377579,"[('start', 1697808274.075591), ('end', 1697810565.031687)]",1697808274.622619,1697810307.421002,2032.7983829975128,1697810307.421029,1697810565.031637,257.61060786247253
23.10.20-15.02.45-061184,330,C-SYNTH-23M:sp3,ace,4.0,4,32,1,42,4,0.99,10,73784,300,300,2.3282402843233228,0.1646314493276716,0.0116412014216166,0.3802260251269008,2.298772892845281,0.1625477900938714,0.0114938644642264,0.4232472318763078,2.395348179615937,0.1693766941109281,0.0119767408980796,0.4319838573879741,"[('start', 1697810565.061309), ('end', 1697814312.796775)]",1697810565.603235,1697813899.200699,3333.597464084625,1697813899.200727,1697814312.796727,413.595999956131
23.10.20-16.44.27-604341,25,Si-GAP-18:scaled-to-C,dft,4.0,4,32,1,1,4,0.99,10,73784,198,198,2.06316049512764,0.1903329820745907,0.0359623373157917,0.1472155129466797,3.758542590312102,0.4581933559993206,0.0920126613990054,0.2383823451712514,4.519006531731963,0.4938400181602992,0.1142546098274731,0.2905879765401223,"[('start', 1697816667.604457), ('end', 1697816882.324094)]",1697816667.639307,1697816824.991652,157.3523449897766,1697816824.991682,1697816882.324035,57.33235287666321
23.10.20-16.56.22-516277,1000,C-SYNTH-23M:sp2,ace,4.0,4,32,1,42,4,0.99,10,73784,280,280,2.788660277611226,0.1971880592724458,0.0139433013880561,0.245604180041142,3.013751016769466,0.2131043780765542,0.0150687550838473,0.2683173870771541,2.848620716039848,0.2014279025340254,0.0142431035801992,0.2718549109518675,"[('start', 1697817382.516425), ('end', 1697823941.560021)]",1697817383.023766,1697823564.575945,6181.552178859711,1697823564.575972,1697823941.55997,376.9839978218079
23.10.20-18.47.40-500426,1000,C-SYNTH-23M:sp3,ace,4.0,4,32,1,42,4,0.99,10,73784,248,248,1.880932498632769,0.1330020124737387,0.0094046624931638,0.3510665577508382,1.7178674497603506,0.1214715722905184,0.0085893372488017,0.3709425641393278,1.886030737108369,0.133362512373559,0.0094301536855418,0.3754910068079521,"[('start', 1697824060.500554), ('end', 1697832408.167791)]",1697824061.011448,1697831891.354707,7830.343259096146,1697831891.354742,1697832408.167742,516.8129999637604
23.10.20-21.09.17-787404,3300,C-SYNTH-23M:sp2,ace,4.0,4,32,1,42,4,0.99,10,73784,215,215,2.2396378955839813,0.1583663143369801,0.0111981894779199,0.2317083423548208,2.439378761604738,0.1724901264213152,0.0121968938080236,0.2370022263946688,2.248807811849307,0.1590147253343926,0.0112440390592465,0.2403147364052914,"[('start', 1697832557.78752), ('end', 1697848217.093096)]",1697832558.292897,1697847842.91188,15284.61898303032,1697847842.911906,1697848217.093052,374.1811459064484
23.10.21-01.32.17-794158,3300,C-SYNTH-23M:sp3,ace,4.0,4,32,1,42,4,0.99,10,73784,185,185,1.6552538685081226,0.1170441235007359,0.0082762693425406,0.3356453194484589,1.5081249348555994,0.1066405368312914,0.0075406246742779,0.3406907341047336,1.6579189301605577,0.1172325718174076,0.0082895946508027,0.3441446907884016,"[('start', 1697848337.794283), ('end', 1697867706.172154)]",1697848338.29814,1697867189.457498,18851.1593580246,1697867189.457524,1697867706.172082,516.7145578861237
23.10.21-07.38.39-526274,50,Si-GAP-18:scaled-to-C,dft,4.0,4,32,1,1,4,0.99,10,73784,168,204,2.681434414336517,0.2164620652828418,0.0301903132481649,0.166724705486612,3.291975219720744,0.3676401974443921,0.061122264485735,0.1917127882554994,3.779231547960908,0.3773715894548091,0.0743590873052933,0.2180223529455745,"[('start', 1697870319.526394), ('end', 1697870619.834871)]",1697870319.558453,1697870556.349753,236.7912998199463,1697870556.349782,1697870619.834825,63.48504304885864
23.10.21-07.50.32-161107,100,Si-GAP-18:scaled-to-C,dft,4.0,4,32,1,1,4,0.99,10,73784,125,147,3.1215517599766285,0.2795774904485286,0.0389285553250357,0.1692869186500468,3.077143173158677,0.3212576400788974,0.0459061611543769,0.1608305077318123,3.8760829061882713,0.335926220978186,0.0512303837380981,0.1766597138324654,"[('start', 1697871032.161257), ('end', 1697871372.304189)]",1697871032.193784,1697871304.392736,272.19895195961,1697871304.392771,1697871372.304111,67.91133999824524
23.10.21-08.06.39-401263,200,Si-GAP-18:scaled-to-C,dft,4.0,4,32,1,1,4,0.99,10,73784,128,129,3.3601095221561827,0.2930371560272555,0.0371513939403201,0.1427720911357051,2.5146459377717028,0.2563532542072607,0.039430592146119,0.1342850945669575,3.378314567255058,0.2888768846034783,0.0497256806444367,0.1560438897399748,"[('start', 1697871999.401411), ('end', 1697872526.162814)]",1697871999.434232,1697872442.961544,443.527312040329,1697872442.961577,1697872526.162723,83.20114612579346
23.10.21-09.44.05-193685,400,Si-GAP-18:scaled-to-C,dft,4.0,4,32,1,1,4,0.99,10,73784,117,119,2.9809210274552345,0.2511846769122606,0.035253607934911,0.1174132055158325,2.144889381230465,0.21064492111067,0.0329626017691547,0.114383368923234,3.0853654476148016,0.2573224972439598,0.0446470545116777,0.1254548950728055,"[('start', 1697877845.193808), ('end', 1697878691.387311)]",1697877845.229675,1697878585.264907,740.0352318286896,1697878585.264936,1697878691.387231,106.12229514122008
23.10.21-10.18.15-425326,800,Si-GAP-18:scaled-to-C,dft,4.0,4,32,1,1,4,0.99,10,73784,100,105,2.7756579706240867,0.2355318841628414,0.0329067584448466,0.1098768172571904,2.090584461646772,0.2019586134411214,0.0284404166994135,0.1082606451213569,2.9409599616618523,0.2459513902924733,0.0378867172582988,0.1158199931957726,"[('start', 1697879895.425464), ('end', 1697881375.734034)]",1697879895.45868,1697881218.326523,1322.8678431510923,1697881218.326555,1697881375.733986,157.4074308872223
23.10.21-12.28.06-225023,10000,C-SYNTH-23M:sp2,ace,4.0,4,32,1,42,4,0.99,10,73784,124,124,2.112420301586737,0.1493706719968114,0.0105621015079336,0.2277607634610988,2.258189804629129,0.1596781324059581,0.0112909490231456,0.2256852696999614,2.124069518051169,0.1501943959925623,0.0106203475902558,0.2288294659381297,"[('start', 1697887686.225175), ('end', 1697914593.379319)]",1697887686.751693,1697914214.850232,26528.09853887558,1697914214.85026,1697914593.379267,378.5290069580078
23.10.22-14.59.37-178855,10000,C-SYNTH-23M:sp3,ace,4.0,4,32,1,42,4,0.99,10,73784,134,135,1.5378249152233665,0.108740642583207,0.0076891245761168,0.3268716117781578,1.411051057691658,0.0997763771494221,0.0070552552884582,0.3248972061630348,1.5209546154703135,0.1075477322476036,0.0076047730773515,0.3285779606048,"[('start', 1697983177.178982), ('end', 1698025046.26046)]",1697983177.66145,1698024530.916155,41353.25470519066,1698024530.916177,1698025046.260386,515.3442089557648
23.10.23-15.44.24-367796,1600,Si-GAP-18:scaled-to-C,dft,4.0,4,32,1,1,4,0.99,10,73784,87,99,2.541064022571134,0.2172650229144819,0.0313889036875906,0.0934828261343782,1.881918251741458,0.17519451194666,0.0245755135622404,0.0975993861999546,2.575876876053512,0.2164983815669864,0.0352949932821119,0.0958649998376057,"[('start', 1698072264.367965), ('end', 1698074915.411655)]",1698072264.408099,1698074728.115428,2463.7073290348053,1698074728.115453,1698074915.411607,187.2961540222168
23.10.23-17.21.52-692037,25,Si-GAP-18:scaled-to-C,dft,4.0,4,32,1,2,4,0.99,10,73784,165,166,2.0088414667449395,0.1653763359303147,0.0262052784678293,0.1279941880799037,3.2555951469331643,0.3844191472260096,0.0750172465725809,0.2069976181104124,3.7715117970934737,0.3988540963495327,0.0922208233440134,0.2482695127773382,"[('start', 1698078112.69217), ('end', 1698078310.876692)]",1698078112.724993,1698078253.44774,140.72274708747864,1698078253.447768,1698078310.876642,57.428874015808105
23.10.23-17.30.17-764596,50,Si-GAP-18:scaled-to-C,dft,4.0,4,32,1,2,4,0.99,10,73784,79,94,2.98368516269988,0.235811704818897,0.0357697979391864,0.1819138326770442,3.27668917739644,0.355212716860528,0.0571606548732844,0.1940766347906314,4.100325299014619,0.3766420665957058,0.0674011282805642,0.214178417638724,"[('start', 1698078617.764763), ('end', 1698078800.402636)]",1698078617.796473,1698078740.165754,122.36928105354308,1698078740.165781,1698078800.402573,60.23679208755493
23.10.23-17.38.26-081381,100,Si-GAP-18:scaled-to-C,dft,4.0,4,32,1,2,4,0.99,10,73784,124,124,3.25941159085461,0.2743149974597812,0.0382801808051189,0.1551283037056595,2.877460644307352,0.2843201118396095,0.0418991862616089,0.1600595409424248,3.9596928800768496,0.3242206409610739,0.0504452789923136,0.1724752555291934,"[('start', 1698079106.081517), ('end', 1698079431.390777)]",1698079106.112866,1698079365.131668,259.0188021659851,1698079365.131691,1698079431.39068,66.25898909568787
23.10.23-17.52.37-687699,200,Si-GAP-18:scaled-to-C,dft,4.0,4,32,1,2,4,0.99,10,73784,126,128,3.427235752884941,0.2867824033554133,0.0360498253113393,0.1323509368770226,2.4324957690007944,0.2449844768461424,0.0380010185599129,0.1299811627075572,3.560420702048704,0.2955836613555705,0.0485697559644361,0.1438146881201525,"[('start', 1698079957.687841), ('end', 1698080536.929738)]",1698079957.719855,1698080458.073153,500.3532979488373,1698080458.073184,1698080536.92968,78.85649609565735
23.10.23-18.15.14-978562,400,Si-GAP-18:scaled-to-C,dft,4.0,4,32,1,2,4,0.99,10,73784,107,107,2.9219669451610395,0.2450870980901324,0.0336441295702345,0.1197255340756353,2.138810417461332,0.2060901497473665,0.0308373138729771,0.1176153319288249,2.995677100718808,0.2494143452916342,0.042596126987614,0.1235233873687346,"[('start', 1698081314.978701), ('end', 1698082247.151391)]",1698081315.011025,1698082140.946832,825.9358069896698,1698082140.946866,1698082247.151309,106.20444297790527
23.10.23-18.48.56-969570,800,Si-GAP-18:scaled-to-C,dft,4.0,4,32,1,2,4,0.99,10,73784,102,103,2.7308446824120995,0.2344449865122001,0.0377494335525904,0.1046876958656685,2.0616879666699104,0.2008106650110185,0.0323792900006166,0.1084650587224946,2.868191355515773,0.2443137542874754,0.0451757877659284,0.1135774741029882,"[('start', 1698083336.96972), ('end', 1698085125.421156)]",1698083337.001729,1698084967.450275,1630.4485459327698,1698084967.450296,1698085125.42108,157.9707841873169
23.10.23-19.57.12-882542,1600,Si-GAP-18:scaled-to-C,dft,4.0,4,32,1,2,4,0.99,10,73784,101,101,2.453934459490629,0.206892357159123,0.0298368482176504,0.0890204474365421,1.7815196998137497,0.1625118391974671,0.0234542588126584,0.0968212900106484,2.5091320742225687,0.2096089667045696,0.0354394125514619,0.0945410637998533,"[('start', 1698087432.882703), ('end', 1698091194.89932)]",1698087432.914297,1698091010.812941,3577.898643970489,1698091010.812972,1698091194.899267,184.08629488945007
23.10.26-10.38.42-692629,25,Si-GAP-18:scaled-to-C,dft,4.0,4,32,1,3,4,0.99,10,73784,133,170,1.9782337751820345,0.1655234959619325,0.0272585200233823,0.1473675942355786,3.363819714092566,0.4203435611318325,0.0883657918334919,0.2175490838588539,3.858044175039348,0.4320037678218694,0.1053944460950456,0.2511607271805732,"[('start', 1698313122.69277), ('end', 1698313319.2069)]",1698313122.730433,1698313261.650505,138.92007207870483,1698313261.650526,1698313319.206823,57.55629706382752
23.10.26-10.46.39-542730,50,Si-GAP-18:scaled-to-C,dft,4.0,4,32,1,3,4,0.99,10,73784,147,149,2.787672654566053,0.2261809881706729,0.0334455267803607,0.1602156163550088,3.383960603905601,0.3875920133646086,0.0701719788342136,0.178190332775362,3.8265231550543057,0.3905341962292847,0.0805221471399233,0.1927994838238986,"[('start', 1698313599.542869), ('end', 1698313831.72943)]",1698313599.574646,1698313771.042334,171.46768808364868,1698313771.042361,1698313831.729371,60.687010049819946
23.10.26-10.55.26-018531,100,Si-GAP-18:scaled-to-C,dft,4.0,4,32,1,3,4,0.99,10,73784,111,139,3.1769031025245,0.2853129898882948,0.0411273446451891,0.1643903226959115,3.046095744542877,0.3222441849285314,0.0481190571155076,0.1555532909036384,3.704678612001973,0.3306340923063903,0.0543146741847739,0.1724981086214222,"[('start', 1698314126.018656), ('end', 1698314441.136605)]",1698314126.048856,1698314374.223213,248.17435693740845,1698314374.223242,1698314441.13654,66.91329789161682
23.10.26-11.08.15-359207,200,Si-GAP-18:scaled-to-C,dft,4.0,4,32,1,3,4,0.99,10,73784,134,135,3.512228083568945,0.300036871846218,0.036954468800974,0.1362295179804155,2.482584583857685,0.2517024984000942,0.0379609175929824,0.1320546500105028,3.451566457202663,0.2905978887587726,0.0474908075008092,0.143529753287149,"[('start', 1698314895.359328), ('end', 1698315421.403161)]",1698314895.389863,1698315341.562619,446.1727559566498,1698315341.562646,1698315421.403072,79.84042620658875
23.10.26-11.29.55-180577,400,Si-GAP-18:scaled-to-C,dft,4.0,4,32,1,3,4,0.99,10,73784,103,128,3.045212116816344,0.2542018527095088,0.0344406049269768,0.1172180016792268,2.185900138416724,0.2118607792131769,0.0308307597025218,0.1196387122773503,3.1215292780331696,0.2591874033327023,0.0426405882869182,0.1242510260085714,"[('start', 1698316195.18071), ('end', 1698317143.844018)]",1698316195.211354,1698317037.816196,842.6048419475555,1698317037.816216,1698317143.843947,106.02773094177246
23.10.26-12.02.38-853010,800,Si-GAP-18:scaled-to-C,dft,4.0,4,32,1,3,4,0.99,10,73784,99,101,2.7579714563481432,0.2277763462291828,0.0312881077340974,0.1005237090575355,2.025147154981758,0.1892542289793038,0.0265022906523922,0.1083118685246512,2.960768730288668,0.2454351058341144,0.0387459310786938,0.1097517411076531,"[('start', 1698318158.853139), ('end', 1698319705.287866)]",1698318158.884003,1698319545.743095,1386.8590919971466,1698319545.743114,1698319705.287766,159.54465198516846
23.10.26-13.00.09-427522,1600,Si-GAP-18:scaled-to-C,dft,4.0,4,32,1,3,4,0.99,10,73784,115,123,2.305024420468603,0.1967102775697264,0.0310603903266578,0.08468130118457,1.7847225901058132,0.1602475916296032,0.0254198489744581,0.0951430203799285,2.3254686508129336,0.1993486572231707,0.0377265399735046,0.0931947826265208,"[('start', 1698321609.427647), ('end', 1698325601.397653)]",1698321609.458952,1698325416.119949,3806.660997152329,1698325416.119973,1698325601.397601,185.2776279449463
23.10.26-15.42.10-360806,25,Si-GAP-18:scaled-to-C,dft,4.0,4,32,1,4,4,0.99,10,73784,176,185,2.047333675382092,0.1717625661402811,0.02726775191801,0.1347286007893069,3.39951402786446,0.408332617663906,0.0775257278626249,0.2250155239495885,3.783660665004228,0.4161894956929913,0.096338576345826,0.2582681279271425,"[('start', 1698331330.360936), ('end', 1698331578.643422)]",1698331330.392115,1698331521.206688,190.8145728111267,1698331521.206712,1698331578.643352,57.43664002418518
23.10.26-15.52.25-281631,50,Si-GAP-18:scaled-to-C,dft,4.0,4,32,1,4,4,0.99,10,73784,110,126,2.690930049558189,0.2156784371202709,0.0341730428604516,0.1814394804881955,3.4316015892656586,0.3916842938853142,0.0677800859775823,0.2066230013646054,3.8872666669341154,0.3911368240483752,0.0785420567314166,0.22011839870454,"[('start', 1698331945.281779), ('end', 1698332204.588243)]",1698331945.314962,1698332143.647579,198.33261704444885,1698332143.647605,1698332204.588159,60.94055414199829
23.10.26-16.03.31-204187,100,Si-GAP-18:scaled-to-C,dft,4.0,4,32,1,4,4,0.99,10,73784,103,134,3.259035399136938,0.2835564271273052,0.0395695215279302,0.1660974882722078,3.0992550654871542,0.3204155427200629,0.0437409475159112,0.1594805408671256,4.1020183807950055,0.3510452239221282,0.0517154309442525,0.1755902968484826,"[('start', 1698332611.204331), ('end', 1698333032.019284)]",1698332611.234992,1698332964.798938,353.56394600868225,1698332964.798966,1698333032.019227,67.22026109695435
23.10.26-16.20.10-052683,200,Si-GAP-18:scaled-to-C,dft,4.0,4,32,1,4,4,0.99,10,73784,108,115,3.575316847759928,0.3021850370268473,0.0399212076241233,0.1367505579964735,2.5342068119750114,0.2567934444245142,0.0410424907857402,0.1353580098352277,3.6779114240881072,0.3099105551620582,0.0547344594076389,0.1459087913049805,"[('start', 1698333610.052878), ('end', 1698334267.239622)]",1698333610.086299,1698334185.496624,575.410325050354,1698334185.496648,1698334267.239532,81.74288392066956
23.10.26-16.49.20-153056,400,Si-GAP-18:scaled-to-C,dft,4.0,4,32,1,4,4,0.99,10,73784,85,96,3.1713822349837795,0.2705269329003332,0.0367850451650656,0.1246279647220741,2.334972477245566,0.2339263504117364,0.0342346055200813,0.1221442271328066,3.277716406799604,0.2749478736733341,0.0460282256771154,0.1298403658891087,"[('start', 1698335360.153195), ('end', 1698336417.399803)]",1698335360.186051,1698336310.683985,950.497934103012,1698336310.684017,1698336417.399752,106.71573495864868
23.10.26-17.34.29-665134,800,Si-GAP-18:scaled-to-C,dft,4.0,4,32,1,4,4,0.99,10,73784,97,98,2.7471143226028465,0.2288727130306483,0.0321664271106892,0.1024783595507346,2.0717471005181625,0.1944538967993407,0.0276225859939361,0.1074797574609257,2.9748500221152887,0.2474037555047095,0.0393740728150434,0.113105283079867,"[('start', 1698338069.66529), ('end', 1698340195.491084)]",1698338069.69633,1698340036.873408,1967.177078008652,1698340036.873432,1698340195.491012,158.61758017539978
23.10.26-18.56.25-227019,1600,Si-GAP-18:scaled-to-C,dft,4.0,4,32,1,4,4,0.99,10,73784,101,117,2.369417521841533,0.1991281467393741,0.0295994969738693,0.0865512605298455,1.7643194042412893,0.1603051786217689,0.0236849813317745,0.0980650686335652,2.437732025989184,0.2043175440111611,0.0355757235001494,0.094593500538772,"[('start', 1698342985.227167), ('end', 1698348289.416974)]",1698342985.258407,1698348104.467433,5119.209025859833,1698348104.467456,1698348289.416923,184.94946694374084
23.10.26-22.13.51-419882,25,Si-GAP-18:scaled-to-C,dft,4.0,4,32,1,42,4,0.99,10,73784,128,148,2.0262078167780784,0.1786416271668176,0.0310786130749852,0.1375056800853158,3.548602184304339,0.4276978053791148,0.0793877926847618,0.2164991309244565,3.9949114604071423,0.4378914022847434,0.0987116612730522,0.2549842622729788,"[('start', 1698354831.420001), ('end', 1698355079.959305)]",1698354831.451024,1698355022.53161,191.0805859565735,1698355022.531649,1698355079.959205,57.42755579948425
23.10.26-22.25.20-339991,50,Si-GAP-18:scaled-to-C,dft,4.0,4,32,1,42,4,0.99,10,73784,141,154,2.494058079170606,0.2029326546941682,0.0300114470990533,0.147525266806489,3.299915917424114,0.369630647973643,0.0576618200489825,0.1947740817816156,3.59169993576736,0.3524305070713736,0.0657382255810951,0.2045303686707261,"[('start', 1698355520.340117), ('end', 1698355873.34875)]",1698355520.371191,1698355812.375471,292.00428009033203,1698355812.375509,1698355873.348701,60.97319197654724
23.10.26-22.39.15-633896,100,Si-GAP-18:scaled-to-C,dft,4.0,4,32,1,42,4,0.99,10,73784,119,149,2.9687212855717697,0.2598793644168089,0.0366306543197127,0.1476749527074637,2.808735660687632,0.2900879925619941,0.0424044007181072,0.1612858291671585,3.767333528998644,0.3225816927563868,0.0506036668093359,0.1739031826666233,"[('start', 1698356355.634016), ('end', 1698356925.709189)]",1698356355.665981,1698356858.772201,503.1062200069428,1698356858.772221,1698356925.709113,66.93689179420471
23.10.26-22.59.33-037047,200,Si-GAP-18:scaled-to-C,dft,4.0,4,32,1,42,4,0.99,10,73784,102,135,3.311903261159466,0.282405587154546,0.0351514470424067,0.1294534382877444,2.415924034012084,0.2469843517414187,0.0377113287923185,0.129280335624462,3.376270718948702,0.2849255804914654,0.0477458144366536,0.1419733735634863,"[('start', 1698357573.03719), ('end', 1698358522.041886)]",1698357573.068469,1698358442.241668,869.1731989383698,1698358442.241699,1698358522.041785,79.80008602142334
23.10.26-23.36.02-908798,400,Si-GAP-18:scaled-to-C,dft,4.0,4,32,1,42,4,0.99,10,73784,86,124,2.961525154611674,0.2546995801104571,0.0349275080094982,0.1187321287004828,2.167167949503185,0.21615912108943,0.0326372648566467,0.1134803155203585,3.0209169242701086,0.2554545146558651,0.0438718756112304,0.1216296991979953,"[('start', 1698359762.908936), ('end', 1698361443.251604)]",1698359762.93959,1698361336.73362,1573.7940299510956,1698361336.733646,1698361443.251546,106.5178999900818
23.10.27-00.36.26-089369,800,Si-GAP-18:scaled-to-C,dft,4.0,4,32,1,42,4,0.99,10,73784,72,88,2.758828220031436,0.2306672390874135,0.032024261645257,0.102802192949202,2.056390802622688,0.1946706483613737,0.0270747049811454,0.1042956285477323,2.9015801926582103,0.2426676183983085,0.037985826095681,0.1112991910689829,"[('start', 1698363386.089493), ('end', 1698365826.419587)]",1698363386.121042,1698365665.241455,2279.1204130649567,1698365665.241485,1698365826.419484,161.17799878120422
23.10.27-02.31.36-147790,1600,Si-GAP-18:scaled-to-C,dft,4.0,4,32,1,42,4,0.99,10,73784,109,115,2.2098612086880767,0.1886532900421114,0.0293538978903705,0.0830003488689155,1.7156223914265512,0.1514616590005368,0.0228062995683775,0.0941524040048631,2.269081361566752,0.1927713091665212,0.0344652886352197,0.0929715612982371,"[('start', 1698370296.14792), ('end', 1698376973.256167)]",1698370296.178602,1698376787.665879,6491.487277030945,1698376787.665915,1698376973.256101,185.590185880661
23.11.07-15.12.28-160185,60,C-GAP-17,dft,4.0,4,32,1,1,4,0.99,10,73784,95,122,7.030081220399519,0.6857593969277945,0.09870818701318074,0.8847229118076264,10.547675825942083,1.1169363448627363,0.15416365206880808,1.1397062937879796,9.455009513576014,1.0762711011506372,0.16797027210254833,1.103687636512095,"[('start', 1699369948.160303), ('end', 1699370206.395529)]",1699369948.215913,1699370117.958775,169.74286198616028,1699370117.958798,1699370206.395482,88.43668413162231
